ID,City,Country,Date,Latitude,Longitude,Max Temperature (F),Humidity,Cloudiness,Wind Speed
0,Loa Janan,ID,1633628739,-0.583,117.095,74.01,98,14,2.64
1,Sakakah,SA,1633628739,29.9697,40.2064,85.57,20,0,16.15
2,Usakos,NA,1633628740,-22.0,15.6,73.42,26,0,8.61
3,Rundu,NA,1633628740,-17.9333,19.7667,80.31,35,98,6.17
4,Kjøpsvik,NO,1633628741,68.097,16.3742,43.18,88,91,4.41
5,Airai,TL,1633628741,-8.9266,125.4092,60.33,68,81,2.19
6,Astoria,US,1633628704,46.1879,-123.8313,52.86,95,90,5.01
7,Mashhad,IR,1633628741,36.297,59.6062,53.74,37,20,9.22
8,Puerto Ayora,EC,1633628742,-0.7393,-90.3518,80.56,86,77,8.99
9,Narsaq,GL,1633628742,60.9167,-46.05,48.42,48,8,6.82
10,Itarema,BR,1633628694,-2.9248,-39.9167,85.93,61,77,17.87
11,Sembakung,ID,1633628743,3.8167,117.25,74.59,98,30,0.4
12,Suez,EG,1633628511,29.9737,32.5263,73.72,62,0,13.35
13,Garissa,KE,1633628743,-0.4536,39.6401,82.11,51,24,24.43
14,Saint-Jovite,CA,1633628744,46.1186,-74.5966,68.22,60,11,1.14
15,Carora,VE,1633628744,10.1755,-70.0827,99.57,27,43,13.35
16,Kyren,RU,1633628473,51.6828,102.1408,35.94,99,100,2.75
17,Isiolo,KE,1633628745,0.3546,37.5822,78.78,44,85,8.55
18,Vila Velha,BR,1633628613,-20.3297,-40.2925,85.95,66,0,8.05
19,Newport,GB,1633628470,51.5877,-2.9984,65.86,84,88,3.91
20,Saint-Joseph,RE,1633628745,-21.3667,55.6167,70.16,78,96,6.93
21,Karpathos,GR,1633628746,35.507,27.2132,66.16,72,0,8.05
22,Mbanza-Ngungu,CD,1633628746,-5.25,14.8667,75.25,80,100,8.28
23,Ylivieska,FI,1633628747,64.0833,24.55,51.31,90,47,8.66
24,Cruzeiro do Sul,BR,1633628747,-29.5128,-51.9853,71.53,52,26,7.65
25,Rayong,TH,1633628747,12.8333,101.4333,80.8,99,100,1.19
26,Volksrust,ZA,1633628748,-27.3654,29.8818,58.14,86,76,3.6
27,Naze,JP,1633628748,28.3667,129.4833,76.44,72,81,14.36
28,Bima,ID,1633628749,-8.4667,118.7167,75.65,87,42,5.61
29,Yuxia,CN,1633628749,34.0615,108.6291,57.81,94,91,0.92
30,Marshall,US,1633628749,34.3834,-86.3333,80.33,67,75,1.99
31,Ixtapa,MX,1633628750,20.7,-105.2,87.22,70,45,3.0
32,Usinsk,RU,1633628693,65.9939,57.5281,47.3,72,100,18.41
33,Atar,MR,1633628750,20.5169,-13.0499,103.66,10,98,11.81
34,Aden,YE,1633628750,12.7794,45.0367,87.26,76,52,8.25
35,Puro,PH,1633628751,12.4841,123.3827,80.58,82,100,6.24
36,Wagar,SD,1633628751,16.1525,36.2032,96.53,23,40,6.53
37,Boa Vista,BR,1633628752,2.8197,-60.6733,94.98,41,75,6.91
38,Delhi,IN,1633628496,28.6667,77.2167,82.49,74,2,3.44
39,Lincoln,US,1633628632,40.8,-96.667,75.29,65,20,3.0
40,Tarko-Sale,RU,1633628752,64.9225,77.785,42.64,96,100,15.48
41,La Ronge,CA,1633628742,55.1001,-105.2842,48.42,57,20,10.36
42,Ovar,PT,1633628753,40.8586,-8.6251,75.02,72,1,9.13
43,Ponta do Sol,PT,1633628753,32.6667,-17.1,77.0,73,35,2.13
44,Longyan,CN,1633628753,25.1072,117.0225,71.64,95,77,2.33
45,Monsey,US,1633628699,41.1112,-74.0685,75.79,74,13,1.01
46,Tynda,RU,1633628754,55.1667,124.7167,19.13,98,58,2.1
47,Grand Bank,CA,1633628755,47.0999,-55.765,60.8,58,90,17.56
48,Buraidah,SA,1633628720,26.326,43.975,91.85,16,0,10.4
49,Mormugao,IN,1633628755,15.4,73.8,79.86,89,75,3.44
50,Abalak,RU,1633628755,58.1286,68.5944,39.07,86,51,6.02
51,Bajil,YE,1633628756,15.0584,43.2851,87.98,62,83,2.37
52,Khorramshahr,IR,1633628756,30.4397,48.1664,89.55,33,0,2.3
53,Leeton,AU,1633628756,-34.5667,146.4,42.89,100,12,0.0
54,Leningradskiy,RU,1633628757,69.3833,178.4167,22.41,96,100,3.18
55,Port-Gentil,GA,1633628757,-0.7193,8.7815,78.76,78,40,9.22
56,Léo,BF,1633628757,11.1,-2.1,86.79,44,36,6.29
57,Yanggu,CN,1633628758,36.1106,115.7753,55.27,90,100,6.04
58,Stornoway,GB,1633628758,58.2093,-6.3865,58.96,94,75,18.41
59,San Carlos,VE,1633628759,9.6612,-68.5827,91.13,52,12,2.89
60,College,US,1633628759,64.8569,-147.8028,37.65,95,90,0.0
61,Saryozek,KZ,1633628759,44.3583,77.9753,30.25,69,7,3.91
62,Vallenar,CL,1633628760,-28.5708,-70.7581,77.59,20,0,16.82
63,Grand Gaube,MU,1633628760,-20.0064,57.6608,72.37,77,12,1.99
64,Kalmunai,LK,1633628760,7.4167,81.8167,80.67,78,74,10.87
65,Esperance,AU,1633628761,-33.8667,121.9,51.64,85,59,13.82
66,Māngrol,IN,1633628761,21.1167,70.1167,84.31,79,70,4.34
67,Itacoatiara,BR,1633628762,-3.1431,-58.4442,94.66,40,99,0.54
68,Mugur-Aksy,RU,1633628762,50.35,90.5,9.81,88,91,7.9
69,Grand-Lahou,CI,1633628763,5.1367,-5.0242,78.51,84,91,6.78
70,Redcar,GB,1633628763,54.6166,-1.06,66.54,78,73,5.99
71,Druzhba,UA,1633628764,52.0428,33.9453,39.9,59,52,7.96
72,Forssa,FI,1633628764,60.8146,23.6215,52.48,94,99,8.97
73,Karakol,KG,1633628764,42.4907,78.3936,24.87,86,81,5.97
74,Maceió,BR,1633628765,-9.6658,-35.7353,87.24,58,75,12.66
75,Rong Kwang,TH,1633628765,18.339,100.3174,79.02,93,74,1.01
76,La Raya de Santa María,PA,1633628765,8.1667,-80.8167,87.8,66,83,2.75
77,Kosikha,RU,1633628766,53.3617,84.5822,36.37,98,100,15.66
78,Oruzgan,AF,1633628766,32.8333,66.0,63.45,16,0,4.16
79,Innisfail,AU,1633628766,-17.5333,146.0333,73.72,80,74,1.03
80,Buluang,PH,1633628767,13.3068,123.3425,76.35,91,100,2.93
81,Mbandaka,CD,1633628767,0.0487,18.2603,77.63,74,70,2.19
82,Paraná,AR,1633628768,-31.732,-60.5238,71.46,28,1,8.95
83,San Fernando del Valle de Catamarca,AR,1633628768,-28.4696,-65.7852,75.49,46,0,15.01
84,Qaqortoq,GL,1633628768,60.7167,-46.0333,48.7,47,7,6.06
85,Cherskiy,RU,1633628768,68.75,161.3,-2.2,100,63,4.25
86,Maridi,SS,1633628769,4.9158,29.4742,69.03,95,88,2.53
87,Crown Point,US,1633628739,41.417,-87.3653,71.91,89,90,5.75
88,Bonito,BR,1633628769,-21.1211,-56.4819,79.11,75,100,4.61
89,Periyanayakkanpalaiyam,IN,1633628770,11.15,76.9333,80.19,74,40,9.22
90,Wetaskiwin,CA,1633628770,52.9668,-113.3687,47.79,47,0,7.02
91,Port Blair,IN,1633628770,11.6667,92.75,79.02,89,100,12.84
92,Oranjestad,AW,1633628654,12.524,-70.027,91.35,55,20,20.71
93,Caucaia,BR,1633628771,-3.7361,-38.6531,89.08,66,20,20.71
94,Sapa,PH,1633628771,5.1544,120.3241,80.98,84,28,7.0
95,Nanortalik,GL,1633628772,60.1432,-45.2371,40.55,61,60,2.55
96,Melita,CA,1633628772,49.2681,-100.9967,75.6,29,38,10.07
97,Sergeevka,KZ,1633628772,53.88,67.4158,39.87,76,38,7.65
98,Yuzhno-Kurilsk,RU,1633628773,44.0306,145.8556,51.78,73,100,7.43
99,Chervone,UA,1633628773,49.9564,28.8645,40.82,42,0,7.09
100,Zonguldak,TR,1633628774,41.25,31.8333,48.51,94,33,2.1
101,Pimenta Bueno,BR,1633628710,-11.6725,-61.1936,94.32,39,48,1.45
102,Kočevje,SI,1633628774,45.6433,14.8633,52.79,98,100,19.08
103,Ruidoso,US,1633628774,33.3317,-105.673,72.9,33,1,1.99
104,Semey,KZ,1633628775,50.4111,80.2275,35.82,87,40,11.18
105,Strezhevoy,RU,1633628775,60.7333,77.5889,40.98,94,100,9.06
106,Non Sung,TH,1633628775,15.1801,102.2569,80.98,87,100,4.74
107,Hobart,AU,1633628776,-42.8794,147.3294,50.25,72,75,1.01
108,Harrismith,ZA,1633628776,-28.2728,29.1295,62.91,56,89,10.98
109,Luga,RU,1633628776,58.7372,29.8453,44.42,56,0,8.12
110,Spoleto,IT,1633628776,42.7448,12.7374,58.14,97,100,4.27
111,Joshīmath,IN,1633628777,30.5667,79.5667,62.83,82,35,1.86
112,Olinda,BR,1633628777,-8.0089,-34.8553,83.93,65,20,12.66
113,Kysyl-Syr,RU,1633628777,63.8986,122.7617,29.52,98,100,4.94
114,Cetraro,IT,1633628778,39.5166,15.9416,60.24,81,89,6.17
115,Albany,US,1633628778,42.6001,-73.9662,74.8,73,0,0.87
116,Ligayan,PH,1633628778,4.6533,119.4706,83.82,76,25,10.2
117,Mumford,GH,1633628779,5.2618,-0.759,79.29,84,72,7.18
118,Hauterive,FR,1633628779,46.0901,3.4459,56.98,89,70,4.65
119,Half Moon Bay,US,1633628779,37.4636,-122.4286,65.16,69,90,9.22
120,Liverpool,GB,1633628423,53.4106,-2.9779,66.61,81,75,3.0
121,Ahipara,NZ,1633628504,-35.1667,173.1667,56.43,93,41,9.4
122,Machiques,VE,1633628780,10.0644,-72.545,92.84,55,92,9.22
123,Hīt,IQ,1633628780,33.6416,42.8251,77.49,17,0,9.46
124,Staraya Russa,RU,1633628781,57.9944,31.3608,41.77,65,2,7.25
125,Zhigalovo,RU,1633628781,54.8097,105.1578,28.99,70,18,3.71
126,Burgeo,CA,1633628781,47.6167,-57.6152,57.49,49,96,17.25
127,Sumbe,AO,1633628782,-11.2061,13.8437,75.13,76,53,9.55
128,Kiboga,UG,1633628782,0.9161,31.7742,66.45,87,54,0.54
129,Presidente Franco,PY,1633628782,-25.5333,-54.6167,75.72,100,90,2.3
130,Province of Mantua,IT,1633628783,45.1667,10.7833,63.7,77,100,4.36
131,Merke,KZ,1633628783,42.8728,73.1786,39.13,82,40,5.06
132,Estación Coahuila,MX,1633628783,32.1939,-115.0017,83.97,35,100,3.42
133,Miyako,JP,1633628784,39.6367,141.9525,65.17,94,100,8.63
134,Georgiyevka,KZ,1633628784,43.0369,74.7114,35.64,75,0,6.71
135,Solok,ID,1633628784,-0.7918,100.6593,70.75,90,99,2.57
136,Imeni Stepana Razina,RU,1633628785,54.8932,44.2963,39.78,59,0,2.91
137,Lithgow,AU,1633628785,-33.4833,150.15,48.67,89,65,1.9
138,Kalcheva,UA,1633628785,45.7374,28.8141,48.07,58,74,9.24
139,Balkanabat,TM,1633628786,39.5108,54.3671,56.14,33,25,5.95
140,Marabu,MY,1633628786,4.4148,114.0089,78.94,100,40,3.44
141,Prome,MM,1633628787,18.8167,95.2167,76.59,94,99,2.66
142,Jiwani,PK,1633628787,25.05,61.7417,81.63,76,0,12.19
143,Gigmoto,PH,1633628787,13.7796,124.39,79.56,88,100,5.61
144,Roald,NO,1633628788,62.5833,6.1333,58.12,71,75,5.75
145,Tucumã,BR,1633628788,-0.1833,-50.05,90.54,54,52,11.18
146,Cabo San Lucas,MX,1633628737,22.8909,-109.9124,93.61,55,1,6.91
147,Manaure,CO,1633628788,11.7751,-72.4445,92.28,49,20,20.4
148,Marinette,US,1633628789,45.1,-87.6307,66.65,88,90,10.36
149,Peniche,PT,1633628789,39.3558,-9.3811,82.76,76,1,12.44
150,General Salgado,BR,1633628789,-20.6483,-50.3606,77.77,56,99,13.22
151,Sangar,RU,1633628790,63.9242,127.4739,30.25,97,100,6.17
152,Fort-Shevchenko,KZ,1633628790,44.5086,50.263,51.69,44,12,19.82
153,Parfen'yevo,RU,1633628790,58.484,43.4088,39.0,87,1,5.21
154,Talcahuano,CL,1633628720,-36.7167,-73.1167,56.88,77,75,14.97
155,Ganjām,IN,1633628791,19.3833,85.0667,82.13,80,11,7.47
156,Gizo Government Station,SB,1633628791,-8.103,156.8419,81.48,77,40,6.4
157,San Miguel de Cozumel,MX,1633628791,20.5083,-86.9458,87.12,84,75,3.0
158,Uyuni,BO,1633628792,-20.4597,-66.825,63.14,18,22,14.36
159,Butaritari,KI,1633628792,3.0707,172.7902,82.63,65,50,16.04
160,Dargaville,NZ,1633628793,-35.9333,173.8833,55.83,94,94,9.84
161,Kangaatsiaq,GL,1633628793,68.3065,-53.4641,29.37,61,50,7.61
162,Natitingou,BJ,1633628793,10.3042,1.3796,87.85,67,64,4.41
163,Tumut,AU,1633628794,-35.3,148.2167,38.39,93,22,2.59
164,Otane,NZ,1633628794,-39.8833,176.6333,56.01,99,100,1.77
165,Mitsamiouli,KM,1633628794,-11.3847,43.2844,79.09,78,20,11.5
166,Pionerskiy,RU,1633628795,54.9508,20.2275,46.24,63,46,12.59
167,Mil'kovo,RU,1633628795,54.7167,158.6167,32.23,83,76,6.08
168,Tres Arroyos,AR,1633628795,-38.3739,-60.2798,60.44,37,4,7.18
169,Ketchikan,US,1633628796,55.3422,-131.6461,46.38,93,90,27.63
170,Tshane,BW,1633628796,-24.0196,21.8684,73.85,50,66,12.71
171,Abashiri,JP,1633628797,44.0213,144.2697,53.94,74,100,6.96
172,Tanah Merah,MY,1633628797,5.8,102.15,78.62,85,100,2.86
173,Honningsvåg,NO,1633628797,70.9821,25.9704,38.95,75,75,19.57
174,Anekal,IN,1633628798,12.7,77.7,74.89,88,100,7.45
175,Kulhudhuffushi,MV,1633628798,6.6221,73.07,81.68,81,23,14.5
176,Nuuk,GL,1633628798,64.1835,-51.7216,36.21,60,20,9.22
177,Barraute,CA,1633628799,48.4335,-77.6328,68.27,59,19,5.66
178,Uyemskiy,RU,1633628799,64.4743,40.8524,53.65,54,75,13.42
179,Iskateley,RU,1633628799,67.6803,53.1512,45.54,90,100,20.67
180,Colares,PT,1633628800,38.7992,-9.4469,81.59,42,0,16.11
181,Ambatofinandrahana,MG,1633628800,-20.55,46.8,57.47,76,41,10.83
182,Mayor Pablo Lagerenza,PY,1633628800,-19.9309,-60.7718,84.76,41,100,5.23
183,Arman',RU,1633628801,59.7,150.1667,26.73,61,22,4.92
184,Marzuq,YE,1633628801,14.4,46.4667,81.66,48,89,4.07
185,Minas,UY,1633628726,-34.3759,-55.2377,52.52,47,5,3.89
186,Tuktoyaktuk,CA,1633628801,69.4541,-133.0374,28.4,93,20,8.05
187,Sovetskaya Gavan',RU,1633628802,48.9723,140.2878,43.39,57,95,4.94
188,São João de Pirabas,BR,1633628802,-0.7747,-47.1772,86.54,62,49,10.8
189,Kitob,UZ,1633628803,39.0843,66.8332,52.38,37,36,1.43
190,Lamar,US,1633628506,33.6668,-95.5836,90.36,40,1,10.36
191,Toumodi,CI,1633628803,6.5613,-5.0158,88.3,95,96,4.41
192,Torphins,GB,1633628804,57.1056,-2.624,60.75,97,100,7.23
193,Mana,GF,1633628804,5.6592,-53.7767,86.77,65,82,10.87
194,Vanavara,RU,1633628804,60.34,102.2797,32.59,98,100,8.37
195,Banjar,ID,1633628805,-8.19,114.9675,75.06,86,35,7.25
196,Harper,LR,1633628805,4.375,-7.7169,78.76,84,89,10.11
197,Şabyā,SA,1633628805,17.1495,42.6254,89.22,67,43,2.71
198,Muravlenko,RU,1633628806,63.7898,74.523,42.64,90,100,18.79
199,Ilulissat,GL,1633628806,69.2167,-51.1,28.42,46,20,3.44
200,Aksarka,RU,1633628806,66.5606,67.7975,44.53,86,100,17.54
201,Peleduy,RU,1633628807,59.6289,112.7406,33.91,98,100,9.98
202,Camargo,MX,1633628807,27.6667,-105.1667,83.21,31,1,5.93
203,Auki,SB,1633628807,-8.7676,160.7034,76.84,90,33,5.08
204,Bartow,US,1633628808,27.8964,-81.8431,94.32,58,75,6.91
205,Muscat,OM,1633628808,23.6139,58.5922,86.02,53,0,4.0
206,Denpasar,ID,1633628808,-8.65,115.2167,74.86,88,20,1.14
207,Tuy Hoa,VN,1633628809,13.0833,109.3,76.84,84,100,11.63
208,Ichnya,UA,1633628809,50.8626,32.3942,41.77,47,66,7.9
209,Lexington,US,1633628628,37.9887,-84.4777,77.14,73,75,1.01
210,Praxédis Guerrero,MX,1633628809,31.3667,-106.0167,82.42,23,40,2.82
211,Aklera,IN,1633628810,24.4167,76.5667,79.27,62,20,2.48
212,Hobyo,SO,1633628810,5.3505,48.5268,78.35,81,66,24.16
213,Buarcos,PT,1633628810,40.166,-8.8768,76.1,69,0,9.66
214,Haghartsin,AM,1633628811,40.7761,44.9685,43.68,92,100,3.36
215,Podporozh'ye,RU,1633628811,60.9112,34.1706,44.55,64,1,11.5
216,Tabou,CI,1633628811,4.423,-7.3528,78.87,84,93,9.13
217,Soyo,AO,1633628812,-6.1349,12.3689,78.85,83,65,12.3
218,Dunedin,NZ,1633628812,-45.8742,170.5036,54.81,69,74,2.26
219,Viedma,AR,1633628812,-40.8135,-62.9967,68.67,14,0,12.44
220,Dwārka,IN,1633628813,22.2394,68.9678,82.72,81,31,10.65
221,Kathu,TH,1633628813,7.9178,98.3332,79.7,99,99,17.29
222,Pemangkat,ID,1633628813,1.1667,108.9667,79.41,85,43,9.01
223,Ashdod,IL,1633628815,31.8167,34.65,78.8,68,0,14.76
224,Sulangan,PH,1633628815,11.1373,123.7228,83.61,76,100,12.08
225,Zemio,CF,1633628815,5.0314,25.1361,72.09,90,66,0.83
226,Koumac,NC,1633628816,-20.5667,164.2833,69.89,73,62,2.77
227,Gelemso,ET,1633628816,8.8167,40.5167,64.81,73,92,4.83
228,Lobito,AO,1633628817,-12.3481,13.5456,72.55,77,49,7.61
229,Kostomuksha,RU,1633628817,64.571,30.5767,49.78,85,100,15.03
230,Vardø,NO,1633628818,70.3705,31.1107,37.38,81,75,14.97
231,Sayanogorsk,RU,1633628818,53.0875,91.3997,35.92,77,100,13.87
232,Fuerte Olimpo,PY,1633628818,-21.0415,-57.8738,80.31,75,96,5.23
233,Cuamba,MZ,1633628819,-14.8031,36.5372,75.02,45,4,8.99
234,Tasiilaq,GL,1633628819,65.6145,-37.6368,35.76,50,5,5.73
235,Kutum,SD,1633628820,14.2,24.6667,84.63,19,13,4.76
236,Nabire,ID,1633628820,-3.3667,135.4833,75.56,91,100,3.58
237,Bluff,NZ,1633628820,-46.6,168.3333,48.79,90,88,2.51
238,Willowmore,ZA,1633628821,-33.2926,23.4895,72.19,30,88,5.23
239,Severo-Kuril'sk,RU,1633628821,50.6789,156.125,44.58,76,27,18.41
240,Shenjiamen,CN,1633628822,29.9576,122.298,76.69,85,14,13.09
241,Konza,KE,1633628822,-1.7426,37.1294,71.24,37,99,13.33
242,St. Pete Beach,US,1633628822,27.7253,-82.7412,94.24,57,1,1.99
243,Boende,CD,1633628823,-0.2167,20.8667,75.58,84,83,2.37
244,Matamoros,MX,1633628823,25.5333,-103.25,83.12,22,0,5.79
245,Ishim,RU,1633628824,56.1128,69.4902,39.61,80,95,7.63
246,Palora,EC,1633628824,-1.7,-77.9333,77.11,81,100,2.71
247,Kuressaare,EE,1633628824,58.2481,22.5039,53.94,88,90,1.99
248,Goderich,CA,1633628825,43.7501,-81.7165,74.21,77,81,6.91
249,Araouane,ML,1633628825,18.9048,-3.5265,98.94,6,3,8.19
250,Serebryansk,KZ,1633628825,49.6925,83.2892,29.75,80,57,5.28
251,Luanda,AO,1633628553,-8.8368,13.2343,77.0,78,40,12.66
252,Letterkenny,IE,1633628826,54.95,-7.7333,66.09,95,95,6.15
253,Codajás,BR,1633628826,-3.8367,-62.0569,95.88,39,96,1.81
254,Iranshahr,IR,1633628827,27.2025,60.6848,91.74,16,0,4.61
255,Boda,CF,1633628827,4.3189,17.4695,73.53,90,76,0.45
256,Provideniya,RU,1633628828,64.3833,-173.3,35.74,98,100,7.14
257,Dhidhdhoo,MV,1633628828,6.8833,73.1,81.91,81,41,15.12
258,Malmesbury,ZA,1633628828,-33.4608,18.7271,63.75,91,12,8.61
259,Tazovsky,RU,1633628529,67.4667,78.7,40.78,96,100,13.42
260,Lima,PE,1633628829,-12.0432,-77.0282,67.14,93,75,1.99
261,Kungurtug,RU,1633628829,50.5994,97.5228,29.1,95,100,2.86
262,Tshikapa,CD,1633628533,-6.4167,20.8,78.42,65,69,2.13
263,Mauá,BR,1633628683,-23.6678,-46.4614,65.35,67,100,9.64
264,Iwanai,JP,1633628830,42.9744,140.5089,51.31,81,100,2.62
265,Adré,TD,1633628830,13.4667,22.2,83.37,28,28,0.96
266,Ayan,RU,1633628830,56.45,138.1667,39.31,52,100,4.03
267,Ayagoz,KZ,1633628831,47.9714,80.4392,27.88,82,14,5.12
268,Tezu,IN,1633628831,27.9167,96.1667,75.31,78,1,3.29
269,Zhuanghe,CN,1633628831,39.7008,122.9911,54.79,71,100,6.31
270,Mahibadhoo,MV,1633628831,3.7833,72.9667,83.52,74,99,14.67
271,Khorixas,NA,1633628832,-20.3667,14.9667,74.93,26,1,14.07
272,Simao,CN,1633628832,22.7886,100.9748,65.71,96,99,1.28
273,Fortuna,US,1633628833,40.5982,-124.1573,58.93,75,75,1.01
274,Lavrentiya,RU,1633628833,65.5833,-171.0,35.35,94,100,1.95
275,Hualmay,PE,1633628833,-11.0964,-77.6139,67.6,75,64,11.81
276,Swellendam,ZA,1633628833,-34.0226,20.4417,59.38,71,66,2.48
277,Yegorlykskaya,RU,1633628834,46.5656,40.6562,47.32,47,54,17.63
278,Sakaraha,MG,1633628834,-22.9,44.5333,65.46,46,0,15.79
279,Nivala,FI,1633628834,63.9167,24.9667,48.69,92,60,8.95
280,Ayutla,MX,1633628835,20.1167,-104.3333,79.74,48,24,5.14
281,San Rafael del Sur,NI,1633628835,11.8485,-86.4384,84.69,71,74,12.82
282,Baghdad,IQ,1633628818,33.3406,44.4009,76.91,25,0,5.75
283,Novaya Lyalya,RU,1633628835,59.055,60.599,40.96,76,34,7.9
284,Urengoy,RU,1633628836,65.9667,78.3667,42.46,94,100,11.83
285,Kahului,US,1633628235,20.8947,-156.47,78.84,73,1,10.36
286,Maan,PH,1633628836,5.9339,124.7356,79.25,84,90,6.38
287,Sarakhs,IR,1633628836,36.5449,61.1577,57.34,30,40,0.0
288,Wala,CM,1633628837,4.578,12.3154,70.97,97,100,1.81
289,Lewistown,US,1633628837,40.5992,-77.5714,73.98,100,90,0.0
290,Cruz Alta,BR,1633628837,-28.6386,-53.6064,67.98,64,25,11.32
291,Karacabey,TR,1633628838,40.2152,28.4038,64.45,76,42,8.21
292,Sesheke,ZM,1633628838,-17.4759,24.2968,83.95,20,30,4.47
293,Yankton,US,1633628838,42.8711,-97.3973,73.11,68,1,9.22
294,Syamzha,RU,1633628838,60.0158,41.0614,41.5,78,1,8.99
295,Jalu,LY,1633628839,29.0331,21.5482,78.42,24,0,7.0
296,Narsīpatnam,IN,1633628839,17.6667,82.6167,83.61,94,27,2.33
297,Gweta,BW,1633628840,-20.1833,25.2333,89.92,20,96,5.21
298,Chepareria,KE,1633628840,1.3077,35.2039,62.73,83,55,3.18
299,Shubarshi,KZ,1633628840,48.5872,57.1869,39.51,34,3,7.09
300,Riyadh,SA,1633628841,24.6877,46.7219,89.74,24,2,10.65
301,Dodge City,US,1633628841,37.7528,-100.0171,78.64,44,1,11.01
302,Udachny,RU,1633628842,66.4167,112.4,21.56,87,57,4.72
303,Kalemie,CD,1633628842,-5.9475,29.1947,77.61,51,58,1.14
304,Kurumkan,RU,1633628842,54.3,110.3,31.33,67,13,2.91
305,Makkah al Mukarramah,SA,1633628651,21.4267,39.8261,89.42,37,12,4.97
306,Kul'dur,RU,1633628843,49.2167,131.6333,34.56,91,62,2.33
307,Ongole,IN,1633628843,15.5,80.05,82.69,79,23,4.97
308,Portales,US,1633628844,34.1862,-103.3344,88.34,27,28,3.0
309,Morondava,MG,1633628844,-20.2833,44.2833,76.5,61,0,19.19
310,Farmington,US,1633628844,36.7281,-108.2187,69.85,52,1,5.75
311,Katobu,ID,1633628845,-4.9408,122.5276,75.54,88,95,2.48
312,New Norfolk,AU,1633628845,-42.7826,147.0587,49.91,69,85,1.99
313,Bireun,ID,1633628845,5.203,96.7009,78.75,73,100,3.76
314,Shubarkuduk,KZ,1633628845,49.1447,56.4872,40.51,41,0,7.07
315,Mersin Province,TR,1633628846,36.862,34.6509,74.55,31,0,6.29
316,Vanimo,PG,1633628846,-2.6741,141.3028,76.17,87,49,4.94
317,Ukiah,US,1633628660,39.1502,-123.2078,63.03,54,1,0.0
318,Pangnirtung,CA,1633628846,66.1451,-65.7125,37.4,75,75,3.44
319,Carahue,CL,1633628846,-38.7,-73.1667,62.8,32,0,3.96
320,Poconé,BR,1633628828,-16.2567,-56.6228,101.17,29,32,4.52
321,Sugod,PH,1633628847,12.987,124.0805,80.35,82,100,5.14
322,Bonfim,BR,1633628847,3.0833,-59.95,94.93,40,81,4.76
323,Gorontalo,ID,1633628848,0.5412,123.0595,74.5,93,30,2.35
324,Kurayoshi,JP,1633628848,35.4333,133.8167,66.02,89,1,3.71
325,Mahanoro,MG,1633628848,-19.9,48.8,69.17,86,99,10.94
326,Coquimbo,CL,1633628848,-29.9533,-71.3436,58.73,67,90,11.5
327,Yellowknife,CA,1633628837,62.456,-114.3525,37.42,100,90,8.05
328,Havre-St-Pierre,CA,1633628550,50.2334,-63.5986,52.39,87,90,5.75
329,Ladushkin,RU,1633628849,54.5703,20.171,46.26,63,35,9.84
330,Fujin,CN,1633628849,47.26,132.0322,42.85,68,37,7.61
331,Manacapuru,BR,1633628850,-3.2997,-60.6206,85.41,60,49,1.14
332,Teguise,ES,1633628850,29.0605,-13.564,71.82,73,20,16.11
333,Kochubey,RU,1633628850,44.3861,46.5825,51.46,56,50,16.46
334,Tabas,IR,1633628851,33.5959,56.9244,79.75,15,15,6.78
335,Severo-Yeniseyskiy,RU,1633628851,60.3725,93.0408,31.68,98,100,5.48
336,Sirte,LY,1633628851,31.2089,16.5887,77.32,68,0,13.49
337,Khartoum,SD,1633628852,15.5518,32.5324,95.11,15,70,13.09
338,Carnarvon,AU,1633628852,-24.8667,113.6333,62.67,72,0,14.97
339,Raisio,FI,1633628852,60.4859,22.169,53.98,87,90,9.22
340,Piaçabuçu,BR,1633628852,-10.4056,-36.4344,81.45,61,96,9.15
341,Pangody,RU,1633628853,65.85,74.4859,42.75,89,100,16.06
342,Buchanan,LR,1633628853,5.8808,-10.0467,80.56,84,67,8.88
343,The Valley,AI,1633628853,18.217,-63.0578,89.46,70,40,16.11
344,Dezful,IR,1633628854,32.3811,48.4058,85.75,14,0,6.98
345,Greymouth,NZ,1633628854,-42.4667,171.2,52.66,94,90,2.46
346,Ullal,IN,1633628855,12.8,74.85,81.55,83,40,0.0
347,Kavieng,PG,1633628855,-2.5744,150.7967,80.47,78,27,4.81
348,Osakarovka,KZ,1633628855,50.565,72.5692,32.41,87,74,5.77
349,Quesnel,CA,1633628855,52.9999,-122.5029,37.9,87,90,8.05
350,Muros,ES,1633628856,42.7762,-9.0603,73.9,69,45,7.05
351,Kindersley,CA,1633628856,51.4668,-109.1682,46.42,61,1,5.75
352,Bozoum,CF,1633628856,6.3193,16.3799,70.02,95,72,2.66
353,Helena,US,1633628847,46.5927,-112.0361,55.92,68,40,1.01
354,San Javier,ES,1633628857,37.8063,-0.8374,76.62,65,0,5.01
355,Safi,MA,1633628857,32.2994,-9.2372,69.75,81,30,6.44
356,Río Blanco,MX,1633628857,18.8333,-97.15,75.96,56,82,7.94
357,Ndélé,CF,1633628858,8.4109,20.6473,76.32,85,94,2.39
358,Yatou,CN,1633628858,37.15,122.3833,60.48,78,100,4.65
359,Arrondissement de Saint-Brieuc,FR,1633628858,48.4167,-2.8333,62.11,94,90,5.75
360,San Juan del Sur,NI,1633628859,11.2529,-85.8705,84.42,79,75,0.0
361,San Jose,US,1633628756,37.3394,-121.895,66.11,57,75,0.0
362,Rawson,AR,1633628859,-43.3002,-65.1023,53.71,63,67,19.64
363,Gogrial,SS,1633628860,8.5332,28.1004,75.43,76,77,3.74
364,Mizhhirya,UA,1633628860,48.5246,23.5056,44.55,80,100,4.83
365,Eureka,US,1633628860,40.8021,-124.1637,59.2,75,100,1.01
366,Teruel,ES,1633628860,40.6667,-0.6667,65.68,47,2,6.62
367,Bull Savanna,JM,1633628861,17.8868,-77.5902,85.62,63,32,14.14
368,Chapadinha,BR,1633628861,-3.7417,-43.3603,103.41,22,61,2.35
369,Acoua,YT,1633628861,-12.7239,45.0582,78.71,78,13,10.58
370,Tārānagar,IN,1633628862,28.6709,75.0351,87.91,28,35,4.76
371,Bacolod City,PH,1633628811,10.6667,122.95,78.96,88,100,6.2
372,Anlu,CN,1633628862,31.1661,112.5831,57.33,81,63,13.13
373,Kathmandu,NP,1633628595,27.7167,85.3167,70.02,88,75,3.44
374,Kyzyl-Suu,KG,1633628863,42.3414,78.0056,30.4,82,73,9.06
375,Navoiy,UZ,1633628863,40.0844,65.3792,53.08,32,90,4.61
376,Kongolo,CD,1633628863,-5.3833,27.0,79.0,59,82,2.64
377,Beyneu,KZ,1633628864,45.3167,55.2,44.46,45,0,10.07
378,Buea,CM,1633628864,4.1527,9.241,68.79,93,94,1.1
379,Tākestān,IR,1633628864,36.0696,49.6959,55.53,79,30,13.35
380,Bathsheba,BB,1633628865,13.2167,-59.5167,86.61,79,75,21.85
381,Anadyr,RU,1633628865,64.75,177.4833,32.5,100,75,1.99
382,San Policarpo,PH,1633628865,12.1791,125.5072,76.96,93,100,8.23
383,Lata,PT,1633628866,40.1629,-8.3327,71.35,55,0,3.51
384,Hasaki,JP,1633628866,35.7333,140.8333,72.0,80,96,16.28
385,Honiara,SB,1633628866,-9.4333,159.95,77.63,87,43,4.56
386,Dryden,CA,1633628867,49.7833,-92.7503,68.29,73,1,12.66
387,Mgandu,TZ,1633628867,-5.95,34.1333,73.13,29,46,5.53
388,Haines Junction,CA,1633628867,60.7522,-137.5108,35.55,75,100,3.44
389,Palma del Río,ES,1633628868,37.7002,-5.2812,87.39,32,5,2.75
390,Kalanguy,RU,1633628868,51.0167,116.5167,32.41,55,36,3.11
391,Rikitea,PF,1633628868,-23.1203,-134.9692,73.2,78,63,9.4
392,Dingzhou,CN,1633628869,38.5131,114.9956,50.11,87,21,1.9
393,Mehamn,NO,1633628869,71.0357,27.8492,39.38,65,75,16.11
394,Betong,TH,1633628869,5.7743,101.0723,70.68,99,100,1.1
395,Bilma,NE,1633628870,18.6853,12.9164,87.48,15,0,4.21
396,Parintins,BR,1633628870,-2.6283,-56.7358,92.57,44,95,2.04
397,Cape Town,ZA,1633628751,-33.9258,18.4232,65.08,65,0,17.27
398,Sann,PK,1633628870,26.0418,68.1378,85.91,42,41,8.14
399,Pandan,PH,1633628871,14.0453,124.1694,79.68,87,100,5.19
400,Porto Santo,PT,1633628871,33.072,-16.3415,76.3,68,40,11.5
401,Asău,RO,1633628871,46.4333,26.4,48.4,68,100,4.5
402,Zhezkazgan,KZ,1633628872,47.8043,67.7144,36.59,52,0,10.33
403,Kamen'-na-Obi,RU,1633628872,53.7884,81.3423,40.37,84,100,12.06
404,Flinders,AU,1633628872,-34.5833,150.8552,61.21,81,73,3.47
405,Donskoye,RU,1633628873,45.4552,41.9741,48.87,55,86,20.02
406,Sawākin,SD,1633628873,19.1059,37.3321,86.65,55,4,6.67
407,Alice Town,BS,1633628873,25.7167,-79.3,83.48,73,51,10.31
408,Oppdal,NO,1633628874,62.5943,9.6912,45.46,75,100,6.22
409,Omboué,GA,1633628874,-1.5746,9.2618,76.62,81,97,7.58
410,Kormilovka,RU,1633628874,55.0026,74.1028,44.35,81,96,8.63
411,Fort Smith,US,1633628845,35.3859,-94.3986,82.45,55,2,3.69
412,Manicoré,BR,1633628875,-5.8092,-61.3003,90.57,50,97,2.04
413,Caraballeda,VE,1633628875,10.6112,-66.8522,93.36,56,20,6.91
414,Carbonia,IT,1633628875,39.1672,8.5222,68.02,62,38,13.15
415,Kabinda,CD,1633628875,-6.1333,24.4833,74.07,63,89,3.09
416,Rome,US,1633628876,43.2128,-75.4557,76.39,75,90,0.0
417,Smolenka,RU,1633628876,52.1352,113.4974,21.27,93,60,2.24
418,Wanning,CN,1633628876,18.8003,110.3967,77.92,94,100,16.53
419,Sarāhan,IN,1633628877,31.5167,77.8,56.39,71,0,2.53
420,Deputatsky,RU,1633628877,69.3,139.9,17.91,78,99,7.0
421,Walvis Bay,NA,1633628877,-22.9575,14.5053,59.95,67,0,13.8
422,Vitim,RU,1633628878,59.4511,112.5578,34.05,98,100,9.91
423,Micheweni,TZ,1633628878,-4.9667,39.8333,77.97,80,1,13.04
424,Kamen'-Rybolov,RU,1633628878,44.7481,132.0403,46.4,78,2,5.23
425,Sai Buri,TH,1633628879,6.7013,101.6168,77.54,85,100,8.7
426,Trujillo,PE,1633628709,-8.116,-79.03,64.36,77,75,13.8
427,Mabaruma,GY,1633628879,8.2,-59.7833,80.94,88,72,5.55
428,Puebloviejo,CO,1633628879,10.9938,-74.2844,86.2,71,100,6.71
429,Belvedere Marittimo,IT,1633628880,39.6179,15.8617,60.12,78,89,6.62
430,Kindu,CD,1633628880,-2.95,25.95,73.67,78,55,2.64
431,Tangwani,PK,1633628881,28.2787,68.9972,82.33,25,0,6.64
432,Chiredzi,ZW,1633628881,-21.05,31.6667,74.03,57,48,10.56
433,Lianzhou,CN,1633628882,24.7811,112.3825,66.87,86,30,5.41
434,Erzin,TR,1633628882,36.9559,36.2,76.01,29,0,4.83
435,Tiverton,GB,1633628883,50.9,-3.4833,64.4,83,40,1.99
436,Moussoro,TD,1633628883,13.6408,16.4901,93.63,12,18,8.23
437,Udimskiy,RU,1633628884,61.1417,45.9144,41.94,82,18,10.76
438,Nushki,PK,1633628884,29.5542,66.0215,71.58,10,0,0.49
439,Kadaya,RU,1633628884,50.9327,119.2911,32.59,60,8,2.73
440,Tual,ID,1633628884,-5.6667,132.75,81.28,79,62,10.4
441,Baisha,CN,1633628885,26.5222,110.9311,64.38,86,100,3.76
442,Chivacoa,VE,1633628885,10.1603,-68.895,88.03,53,48,4.72
443,Corner Brook,CA,1633628885,48.9667,-57.9484,57.36,56,61,12.03
444,Lebu,CL,1633628886,-37.6167,-73.65,56.71,58,0,10.33
445,Marabá,BR,1633628886,-5.3686,-49.1178,93.38,55,40,4.61
446,Barrow,US,1633628779,71.2906,-156.7887,33.82,86,90,5.75
447,Meulaboh,ID,1633628887,4.1363,96.1285,76.08,89,100,3.91
448,Talnakh,RU,1633628887,69.4865,88.3972,35.58,100,100,10.09
449,Rødbyhavn,DK,1633628887,54.6544,11.352,53.11,74,100,6.96
450,Port Lincoln,AU,1633628888,-34.7333,135.8667,48.78,80,99,7.7
451,Ca Mau,VN,1633628831,9.1769,105.15,76.51,95,100,9.17
452,Bulgan,MN,1633628888,48.8125,103.5347,36.48,91,99,2.68
453,Galle,LK,1633628888,6.0367,80.217,80.4,83,58,9.44
454,Zhangye,CN,1633628889,38.9342,100.4517,55.15,48,91,2.59
455,Sawtell,AU,1633628889,-30.3833,153.1,64.42,81,75,20.71
456,Marawi,PH,1633628890,7.9986,124.2928,68.65,94,100,1.45
457,Bagdarin,RU,1633628890,54.4333,113.6,26.94,65,72,2.75
458,Tocopilla,CL,1633628719,-22.092,-70.1979,67.66,60,35,6.44
459,São Félix do Xingu,BR,1633628890,-6.6447,-51.995,98.4,28,37,3.8
460,Gudāri,IN,1633628891,19.35,83.7833,76.41,93,11,0.27
461,Bonoua,CI,1633628891,5.2741,-3.595,80.22,84,98,4.85
462,Santa Cruz de la Sierra,BO,1633628891,-17.8,-63.1667,84.25,37,75,13.8
463,Nago,JP,1633628884,26.5881,127.9761,81.45,70,87,13.8
464,Kavaratti,IN,1633628892,10.5669,72.642,81.91,79,84,7.63
465,Jos,NG,1633628892,9.9167,8.9,71.71,61,80,4.09
466,Ortigueira,BR,1633628892,-24.2083,-50.9494,73.45,74,100,4.16
467,Ilebo,CD,1633628893,-4.3167,20.5833,78.4,60,79,1.81
468,Mglin,RU,1633628893,53.0591,32.8475,39.15,62,73,6.58
469,Jintūr,IN,1633628893,19.6167,76.7,76.82,83,21,4.63
470,Tessalit,ML,1633628894,20.1986,1.0114,93.33,10,2,9.82
471,Coyhaique,CL,1633628790,-45.5752,-72.0662,59.61,44,20,8.05
472,San Quintín,MX,1633628894,30.4833,-115.95,70.43,67,100,9.6
473,Ribeira Grande,PT,1633628894,38.5167,-28.7,73.8,64,20,9.22
474,Nadym,RU,1633628895,65.5333,72.5167,43.88,83,100,20.31
475,Kenai,US,1633628895,60.5544,-151.2583,43.03,92,40,0.0
476,Shizilu,CN,1633628895,35.1711,118.8289,56.16,93,100,7.96
477,Pentecoste,BR,1633628896,-3.7928,-39.2703,80.67,30,61,12.26
478,Araranguá,BR,1633628896,-28.9347,-49.4858,67.24,54,68,8.5
479,Cananea,MX,1633628896,30.95,-110.3,78.84,33,97,11.1
480,Huron,US,1633628897,41.1501,-82.5499,78.26,82,100,12.64
481,Conceição do Araguaia,BR,1633628897,-8.2578,-49.2647,101.61,22,47,4.0
482,Lālmohan,BD,1633628897,22.3384,90.7419,81.68,83,11,5.97
483,Tutóia,BR,1633628898,-2.7619,-42.2744,89.58,69,71,14.32
484,Panubigan,PH,1633628898,7.4281,123.3466,79.36,82,94,3.94
485,Suamico,US,1633628898,44.6319,-88.0393,67.15,83,90,1.99
486,São Raimundo das Mangabeiras,BR,1633628899,-7.0219,-45.4811,101.55,16,9,5.86
487,Namatanai,PG,1633628899,-3.6667,152.4333,78.21,83,62,4.34
488,Indramayu,ID,1633628900,-6.3264,108.32,80.62,69,86,5.93
489,Cooma,AU,1633628900,-36.2333,149.1333,40.77,100,90,0.0
490,Mookane,BW,1633628900,-23.688,26.6595,74.39,52,91,17.6
491,Nantucket,US,1633628813,41.2835,-70.0995,71.74,68,1,6.91
492,Batticaloa,LK,1633628901,7.7102,81.6924,81.12,77,87,3.67
493,Kruisfontein,ZA,1633628901,-34.0033,24.7314,66.88,75,100,3.58
494,Texarkana,US,1633628901,33.4251,-94.0477,87.84,44,1,5.99
495,Tabora,TZ,1633628901,-5.0167,32.8,82.47,18,68,6.89
496,Chimoré,BO,1633628902,-16.9833,-65.1333,88.14,53,67,2.01
497,Tuatapere,NZ,1633628902,-46.1333,167.6833,48.81,94,99,3.36
498,Dorado,PR,1633628903,18.4588,-66.2677,90.46,76,75,12.66
499,Buritizeiro,BR,1633628903,-17.3511,-44.9622,101.62,19,88,2.55
500,Brae,GB,1633628903,60.3964,-1.353,55.31,96,100,12.19
501,Mayna,RU,1633628904,54.1135,47.6231,39.24,68,1,3.0
502,Rudnichnyy,RU,1633628904,59.617,52.4703,37.69,87,26,7.25
503,Banda Aceh,ID,1633628904,5.5577,95.3222,79.74,78,76,13.0
504,Tevaitoa,PF,1633628905,-16.7833,-151.5,78.06,75,21,9.15
505,Tigzirt,DZ,1633628905,36.8886,4.1198,68.2,62,28,7.99
506,Bullhead City,US,1633628618,35.1478,-114.5683,85.01,37,40,0.0
507,Sozimskiy,RU,1633628906,59.7418,52.2482,38.59,86,33,7.49
508,Inhambane,MZ,1633628906,-23.865,35.3833,71.58,68,40,5.99
509,Mar del Plata,AR,1633628883,-38.0023,-57.5575,53.62,67,0,7.0
510,Bilibino,RU,1633628906,68.0546,166.4372,-2.0,98,87,4.07
511,Beidao,CN,1633628907,34.5686,105.8933,51.85,92,2,4.07
512,Mukhen,RU,1633628907,48.1,136.1,43.11,80,99,5.12
513,Lusambo,CD,1633628907,-4.9667,23.45,76.06,71,98,1.3
514,Caruray,PH,1633628908,10.3094,119.0128,79.47,84,93,3.51
515,Zhumadian,CN,1633628908,32.9794,114.0294,54.88,89,100,9.08
516,Rockland,US,1633628908,41.1668,-74.0496,76.46,75,10,3.15
517,Eilat,IL,1633628909,29.5581,34.9482,85.84,42,0,16.11
518,Turbat,PK,1633628909,26.0023,63.044,87.15,47,0,6.85
519,Kushmurun,KZ,1633628909,52.4503,64.6311,42.13,64,31,6.58
520,Zacualpan,MX,1633628909,21.25,-105.1667,87.71,68,5,5.59
521,Thompson,CA,1633628910,55.7435,-97.8558,62.76,67,75,11.5
522,Porto-Novo,BJ,1633628910,6.4965,2.6036,84.02,78,93,5.5
523,Rādhanpur,IN,1633628910,23.8333,71.6,88.86,51,17,4.88
524,Kemijärvi,FI,1633628911,66.7131,27.4306,38.25,94,100,8.59
525,Nuevo Progreso,MX,1633628911,23.1667,-97.95,86.59,42,7,4.0
526,Batemans Bay,AU,1633628911,-35.7167,150.1833,57.09,74,100,1.1
527,Hibbing,US,1633628912,47.4272,-92.9377,69.26,77,90,5.75
528,Nikki,BJ,1633628912,9.9401,3.2108,80.19,73,100,5.61
529,Klaksvík,FO,1633628912,62.2266,-6.589,52.72,91,96,26.11
530,Fallon,US,1633628913,39.4735,-118.7774,66.92,38,75,4.61
531,Baykit,RU,1633628913,61.67,96.37,34.81,98,100,3.67
532,Hilo,US,1633628914,19.7297,-155.09,75.27,79,75,4.61
533,Çumra,TR,1633628914,37.5732,32.7745,55.54,36,0,4.36
534,Barstow,US,1633628914,34.8986,-117.0228,72.3,47,100,5.1
535,Owando,CG,1633628915,-0.4819,15.8999,79.84,70,86,3.06
536,Port Augusta,AU,1633628851,-32.5,137.7667,42.94,59,8,5.68
537,Dibulla,CO,1633628915,11.2725,-73.3091,91.33,59,48,9.98
538,Barra de Tecoanapa,MX,1633628915,16.5167,-98.75,86.05,68,35,6.69
539,São João da Barra,BR,1633628916,-21.6403,-41.0511,86.09,77,74,22.37
540,Taksimo,RU,1633628916,56.3444,114.8794,29.61,70,100,2.46
541,Lesosibirsk,RU,1633628916,58.2358,92.4828,35.47,98,100,7.74
542,Greenville,US,1633628642,35.6127,-77.3663,77.99,78,75,10.36
543,Kieta,PG,1633628917,-6.2167,155.6333,78.55,81,64,4.7
544,Skovorodino,RU,1633628917,53.9833,123.9167,27.75,95,14,1.79
545,Besançon,FR,1633628917,47.2488,6.0182,55.85,9,39,7.99
546,Atambua,ID,1633628918,-9.1061,124.8925,73.6,82,86,3.38
547,NEDJO,ET,1633628918,9.5046,35.5019,59.23,93,99,0.27
548,Mengcheng,CN,1633628918,33.2579,116.5655,59.94,93,100,11.05
549,Kaitangata,NZ,1633628919,-46.2817,169.8464,46.35,93,46,3.56
550,General Pico,AR,1633628919,-35.6566,-63.7568,68.9,31,0,10.38
551,Sovetskiy,RU,1633628919,61.3614,63.5842,43.56,72,46,9.75
552,Kloulklubed,PW,1633628920,7.0419,134.2556,82.9,77,100,22.84
553,Mvangué,CM,1633628920,2.9667,11.5167,69.1,99,97,2.46
554,Shizunai-furukawachō,JP,1633628920,42.3339,142.3669,52.99,91,100,5.91
555,Saquarema,BR,1633628921,-22.92,-42.5103,77.02,83,83,16.71
556,Sinegor'ye,RU,1633628921,62.0788,150.477,10.9,90,98,3.83
557,Tsimmerbude,RU,1633628921,54.675,20.1347,46.45,64,44,9.78
558,Jacareacanga,BR,1633628921,-6.2222,-57.7528,89.4,53,82,3.02
559,Balaguer,ES,1633628922,41.7912,0.8109,69.35,60,13,1.23
560,Zambezi,ZM,1633628922,-13.5432,23.1047,77.49,20,34,3.4
561,Trelew,AR,1633628923,-43.249,-65.3051,57.79,47,69,18.99
562,Wakkanai,JP,1633628923,45.4094,141.6739,55.58,63,99,8.12
563,Gamboma,CG,1633628923,-1.8764,15.8644,81.61,61,74,3.02
564,Sitka,US,1633628924,57.0531,-135.33,48.09,66,75,20.71
565,San Patricio,US,1633628924,28.017,-97.5169,88.02,37,0,5.73
566,Lapeer,US,1633628924,43.0514,-83.3188,69.24,94,90,4.61
567,Vestmannaeyjar,IS,1633628924,63.4427,-20.2734,49.19,81,90,37.98
568,Santa Isabel Rio Negro,BR,1633628925,-0.4139,-65.0192,86.5,64,71,2.75
569,Granada,ES,1633628925,37.1882,-3.6067,79.16,41,0,9.22
570,Hofn,IS,1633628926,64.2539,-15.2082,43.92,87,100,18.28
571,Santa Maria,BR,1633628926,-29.6842,-53.8069,63.7,55,0,11.5
572,Soe,ID,1633628926,-9.8607,124.284,64.85,81,60,3.74
573,Longyearbyen,SJ,1633628927,78.2186,15.6401,28.24,59,75,5.75
574,Killybegs,IE,1633628927,54.6333,-8.45,62.46,93,100,8.93
575,Amga,RU,1633628927,60.8953,131.9608,27.61,84,41,6.35
576,Soure,BR,1633628928,-0.7167,-48.5233,86.76,64,54,11.54
577,Vila,PT,1633628928,42.0304,-8.1588,67.75,65,13,1.81
578,Orono,US,1633628928,44.8831,-68.672,74.7,55,20,3.44
579,Lubango,AO,1633628929,-14.9172,13.4925,66.4,35,68,5.64
580,Tlacotepec (San Mateo),MX,1633628929,20.0667,-97.8667,71.87,53,32,6.51
581,Meadow Lake,US,1633628929,34.8014,-106.5436,77.4,47,100,7.9
582,Torbay,CA,1633628930,47.6666,-52.7314,58.75,49,40,14.97
583,Tabuk,PH,1633628930,17.4189,121.4443,74.66,92,100,2.13
584,Gravdal,NO,1633628930,68.1214,13.5031,40.89,65,40,5.75
585,Kayerkan,RU,1633628931,69.3497,87.7602,35.44,98,100,13.47
586,Nesterov,RU,1633628931,54.6306,22.5714,44.4,58,83,7.87
587,Mosal'sk,RU,1633628931,54.4881,34.9817,38.62,67,45,4.59
588,Celestún,MX,1633628932,20.8667,-90.4,85.75,65,100,8.52
589,Hailar,CN,1633628932,49.2,119.7,38.08,63,15,5.75
590,Lamu,KE,1633628932,-2.2717,40.902,77.22,78,0,14.32
591,Raymondville,US,1633628933,26.4815,-97.7831,89.38,37,5,6.49
592,Scarborough,GB,1633628933,54.2797,-0.4044,64.9,85,36,1.99
593,Hong Kong,HK,1633628926,22.2855,114.1577,79.32,93,100,1.99
594,Mankera,PK,1633628934,31.3866,71.4407,88.74,22,0,9.1
595,Sabang,ID,1633628934,5.8933,95.3214,82.36,76,87,20.71
596,Yerbogachën,RU,1633628934,61.2767,108.0108,33.26,98,100,8.9
597,Oranjemund,NA,1633628935,-28.55,16.4333,57.65,91,25,6.22
598,Tura,IN,1633628935,25.5198,90.2201,74.62,90,20,2.17
599,Ambon City,ID,1633628935,-3.6954,128.1814,75.34,94,40,8.05
600,Babstovo,RU,1633628936,48.1167,132.4833,40.96,71,50,5.03
601,Kaduqli,SD,1633628936,11.0167,29.7167,80.47,34,58,3.56
602,Matagami,CA,1633628936,49.7502,-77.6328,68.11,60,40,10.36
603,Elmadağ,TR,1633628937,39.9208,33.2308,55.53,45,3,3.27
604,Turukhansk,RU,1633628937,65.8167,87.9833,39.51,98,100,12.06
605,Caceres,ES,1633628937,39.522,-6.3748,73.47,34,0,3.98
606,Gouré,NE,1633628938,13.9835,10.2704,91.02,12,29,7.72
607,Kenmare,IE,1633628684,51.8833,-9.5833,62.83,99,100,6.73
608,Bowen,AU,1633628938,-20.0167,148.2333,66.42,80,21,8.66
609,Damietta,EG,1633628938,31.4165,31.8133,78.69,56,0,11.65
610,Otradnoye,RU,1633628936,59.7775,30.8181,52.03,55,48,10.04
611,Mīzan Teferī,ET,1633628939,6.9833,35.5833,61.5,95,97,2.51
612,Sørland,NO,1633628939,67.667,12.6934,42.66,63,100,16.8
613,Luyang,CN,1633628939,27.6239,110.0989,60.35,84,47,3.29
614,Dessie,ET,1633628940,11.1333,39.6333,59.59,66,95,3.04
615,Charters Towers,AU,1633628940,-20.1,146.2667,66.2,94,17,7.99
616,Kwekwe,ZW,1633628940,-18.9281,29.8149,77.45,37,87,11.01
617,Marsh Harbour,BS,1633628941,26.5412,-77.0636,84.52,64,16,13.15
618,Trairi,BR,1633628921,-3.2778,-39.2689,85.78,59,53,14.99
619,San Juan,AR,1633628941,-31.5375,-68.5364,79.74,19,0,4.25
620,Arona,ES,1633628700,28.0996,-16.681,71.82,67,20,4.0
621,Dingle,PH,1633628941,10.9995,122.6711,76.84,86,100,2.53
622,George Town,MY,1633628710,5.4112,100.3354,82.33,87,40,1.01
623,Ancud,CL,1633628804,-41.8697,-73.8203,58.53,67,5,5.35
624,Show Low,US,1633628942,34.2542,-110.0298,71.71,37,1,17.27
625,Lugo,ES,1633628942,43.0,-7.5,61.23,75,40,3.89
626,Upernavik,GL,1633628943,72.7868,-56.1549,26.64,47,10,4.61
627,Lázaro Cárdenas,MX,1633628943,17.9583,-102.2,86.23,69,29,5.44
628,Galesong,ID,1633628943,-5.3166,119.3661,75.22,71,83,6.02
629,Garmsār,IR,1633628944,35.2182,52.3409,67.24,43,16,8.41
630,Ilhabela,BR,1633628798,-23.7781,-45.3581,68.18,88,98,8.84
631,Tanout,NE,1633628944,14.9709,8.8879,91.98,11,5,9.01
632,Fairbanks,US,1633628945,64.8378,-147.7164,35.6,95,90,4.61
633,Kampong Thom,KH,1633628945,12.7111,104.8887,74.66,93,100,5.41
634,Linares,CL,1633628946,-35.85,-71.6,73.69,33,0,6.58
635,Auriflama,BR,1633628946,-20.6856,-50.5547,78.04,62,99,14.65
636,Mpika,ZM,1633628946,-11.8343,31.4529,73.17,24,12,9.64
637,Granja,BR,1633628706,-3.1203,-40.8261,95.49,37,70,11.32
638,Barranca,PE,1633628947,-10.75,-77.7667,66.51,75,85,12.57
639,Saiha,IN,1633628947,22.4833,92.9667,69.85,99,91,2.39
640,Cayenne,GF,1633628947,4.9333,-52.3333,91.44,72,75,8.99
641,Biu,NG,1633628948,10.6129,12.1946,78.76,48,95,1.39
642,Saskylakh,RU,1633628948,71.9167,114.0833,9.12,94,90,8.05
643,Tumpat,MY,1633628948,6.1978,102.171,78.78,83,100,1.14
644,Beruwala,LK,1633628949,6.4788,79.9828,79.97,85,48,8.3
645,Kipini,KE,1633628949,-2.5257,40.5262,77.29,79,1,16.13
646,Ouro Sogui,SN,1633628949,15.6064,-13.3211,100.4,41,0,6.91
647,Pingxiang,CN,1633628796,27.6167,113.85,65.21,84,63,2.44
648,Mareeba,AU,1633628950,-17.0,145.4333,66.92,96,77,4.36
649,Danville,US,1633628853,36.586,-79.395,74.89,79,90,8.05
650,Lüderitz,NA,1633628950,-26.6481,15.1594,58.48,82,1,4.88
651,La Orilla,MX,1633628950,17.9833,-102.2333,86.13,69,28,5.64
652,Cabedelo,BR,1633628951,-6.9811,-34.8339,86.67,70,98,13.71
653,Salaga,GH,1633628951,8.5508,-0.5188,81.95,70,100,5.12
654,Bhisho,ZA,1633628952,-32.8472,27.4422,61.43,88,83,9.15
655,Warwick,US,1633628709,41.7001,-71.4162,76.28,62,40,5.75
656,Kisesa,TZ,1633628952,-3.0833,34.15,80.4,19,35,6.44
657,Khasan,RU,1633628952,42.4308,130.6434,47.95,83,0,6.15
658,Ankazobe,MG,1633628953,-18.3167,47.1167,61.21,80,70,11.25
659,Suntar,RU,1633628953,62.1444,117.6319,34.03,94,100,8.25
660,Yokadouma,CM,1633628954,3.5167,15.05,71.82,97,94,0.6
661,Progreso,MX,1633628954,21.2833,-89.6667,87.12,68,100,9.98
662,Aurangabad,IN,1633628663,19.8833,75.3333,77.02,80,71,5.86
663,Salekhard,RU,1633628954,66.53,66.6019,45.27,84,100,17.09
664,Dauriya,RU,1633628955,49.9333,116.8667,38.19,46,75,3.06
665,Cape Coast,GH,1633628955,5.1053,-1.2466,79.38,84,78,7.61
666,Inírida,CO,1633628955,3.8653,-67.9239,82.62,85,97,3.83
667,Adrar,MR,1633628956,20.5022,-10.0711,99.46,6,68,9.28
668,Paamiut,GL,1633628956,61.994,-49.6678,36.48,63,3,11.45
669,Kiama,AU,1633628956,-34.6833,150.8667,56.68,80,85,1.01
670,Krasnosel'kup,RU,1633628957,65.7,82.4667,41.88,95,100,13.35
671,Dali,CN,1633628957,25.7,100.1833,59.92,91,44,3.13
672,Alaşehir,TR,1633628958,38.3508,28.5172,63.05,34,6,3.02
673,Saqqez,IR,1633628958,36.2499,46.2735,49.41,69,0,2.37
674,Kamenz,DE,1633628958,51.268,14.0937,58.46,79,28,4.54
675,Kirakira,SB,1633628959,-10.4544,161.9205,78.73,86,88,9.19
676,Mullingar,IE,1633628821,53.5333,-7.35,60.93,90,100,11.77
677,Betioky,MG,1633628959,-23.7167,44.3833,65.57,52,0,15.03
678,Naberera,TZ,1633628959,-4.2,36.9333,68.32,64,9,16.22
679,Necochea,AR,1633628960,-38.5473,-58.7368,62.04,49,3,1.45
680,Watertown,US,1633628667,42.3709,-71.1828,76.73,58,40,3.0
681,Madison,US,1633628961,34.7334,-86.5667,79.48,80,75,1.01
682,Kumo,NG,1633628961,10.0447,11.2122,79.29,54,37,5.57
683,Vershino-Darasunskiy,RU,1633628962,52.35,115.5167,27.21,62,23,3.49
684,Harindānga,IN,1633628964,22.0383,88.3214,84.18,85,61,6.2
685,Cañazas,PA,1633628964,8.3167,-81.2167,85.03,71,92,1.52
686,Loukhi,RU,1633628964,66.0764,33.0381,49.68,84,99,16.91
687,Biscarrosse,FR,1633628964,44.3945,-1.1672,64.74,55,0,4.61
688,Praia,CV,1633628965,14.9215,-23.5087,88.34,58,40,12.66
689,Badarwās,IN,1633628966,24.9667,77.5667,78.17,65,75,2.86
690,Nīmbāhera,IN,1633628966,24.6167,74.6833,78.31,65,26,3.94
691,Gao,ML,1633628966,16.6362,1.637,94.08,10,5,10.63
692,Oktyabr'skiy,RU,1633628967,54.4815,53.471,40.39,74,22,1.07
693,Samur,RU,1633628967,41.8253,48.486,51.46,82,100,4.59
694,Alyangula,AU,1633628968,-13.8483,136.4192,73.27,94,97,0.0
695,Yevpatoriya,UA,1633628968,45.1972,33.3558,53.83,73,75,19.86
696,Cururupu,BR,1633628954,-1.8283,-44.8683,88.25,54,89,7.23
697,Ténenkou,ML,1633628969,14.4572,-4.9169,98.19,18,87,8.68
698,Kapaa,US,1633628969,22.0752,-159.319,75.52,79,75,1.01
699,Payyanur,IN,1633628969,12.1,75.2,78.12,90,89,3.47
700,Dawei,MM,1633628970,14.0833,98.2,76.78,94,100,1.97
701,Cradock,ZA,1633628970,-32.1642,25.6192,76.96,29,95,10.69
702,Middelkerke,BE,1633628970,51.1558,2.8418,60.1,80,0,1.14
703,Collie,AU,1633628971,-33.3667,116.15,49.98,91,90,5.19
704,Santa Marta,CO,1633628971,11.2408,-74.199,85.51,76,92,9.26
705,Margate,GB,1633628971,51.3813,1.3862,63.03,85,100,1.99
706,Alugan,PH,1633628972,12.2188,125.4808,76.77,94,100,7.58
707,Karratha,AU,1633628972,-20.7377,116.8463,73.29,71,0,6.29
708,Marrakesh,MA,1633628964,31.6315,-8.0083,89.67,23,0,10.36
709,Rozhyshche,UA,1633628972,50.9154,25.2691,46.13,54,0,11.21
710,Terenos,BR,1633628973,-20.4422,-54.8603,76.71,78,75,13.8
711,Negombo,LK,1633628973,7.2083,79.8358,80.2,84,82,12.57
712,Chui,UY,1633628973,-33.6971,-53.4616,57.36,50,6,8.88
713,Betsiamites,CA,1633628974,48.9413,-68.646,64.8,70,20,11.3
714,Castro,BR,1633628974,-24.7911,-50.0119,68.11,88,100,1.72
715,Selma,US,1633628974,36.5708,-119.6121,72.18,63,1,5.75
716,Ponta Delgada,PT,1633628784,37.7333,-25.6667,74.5,94,75,3.44
717,Pitimbu,BR,1633628975,-7.4706,-34.8086,86.59,69,99,12.64
718,Ada,US,1633628975,43.4166,-116.1262,57.81,54,1,8.99
719,Constitución,CL,1633628976,-35.3333,-72.4167,60.17,62,0,9.24
720,Mayumba,GA,1633628976,-3.432,10.6554,76.91,83,97,7.36
721,Tucuruí,BR,1633628976,-3.7661,-49.6725,101.28,26,19,5.5
722,Berlevåg,NO,1633628977,70.8578,29.0864,39.2,70,98,27.89
723,Iquitos,PE,1633628977,-3.7481,-73.2472,86.04,70,75,8.05
724,Pacific Grove,US,1633628977,36.6177,-121.9166,64.62,77,90,1.99
725,Agnibilékrou,CI,1633628978,7.1344,-3.2047,75.09,93,86,2.86
726,Vestmanna,FO,1633628978,62.1564,-7.1664,50.92,100,90,13.8
727,Hay River,CA,1633628740,60.8156,-115.7999,37.38,87,75,10.36
728,Kisangani,CD,1633628978,0.5167,25.2,76.14,81,78,2.08
729,Chapleau,CA,1633628979,47.8405,-83.4034,66.29,59,40,6.91
730,Boueni,YT,1633628979,-12.9025,45.0761,78.78,77,15,10.78
731,Yaring,TH,1633628980,6.8662,101.3689,78.19,85,100,10.02
732,Belyy Yar,RU,1633628980,53.6039,91.3903,35.49,87,75,11.18
733,Xucheng,CN,1633628980,20.35,110.1288,77.7,87,91,25.5
734,Diphu,IN,1633628981,25.8333,93.4333,73.85,98,8,0.85
735,Palauig,PH,1633628981,15.435,119.9045,81.07,77,100,7.61
736,Marystown,CA,1633628982,47.1666,-55.1483,57.85,100,77,10.0
737,Mackenzie,CA,1633628740,55.2999,-123.1698,35.82,87,40,12.66
738,Antofagasta,CL,1633628871,-23.65,-70.4,68.22,68,68,10.11
739,Santiago,CL,1633628836,-33.4569,-70.6483,79.29,30,0,8.05
740,Kiunga,PG,1633628982,-6.1219,141.2906,72.95,100,99,0.81
741,Svetlaya,RU,1633628982,46.5389,138.3297,47.73,68,77,6.96
742,Jingdezhen,CN,1633628983,29.2947,117.2079,65.55,92,35,3.94
743,Barguzin,RU,1633628983,53.6167,109.6167,31.15,72,32,2.19
744,Hecun,CN,1633628983,36.5333,114.1111,53.8,87,98,3.4
745,Jagdalpur,IN,1633628984,19.0667,82.0333,72.86,89,34,1.01
746,Gigant,RU,1633628984,46.5066,41.3419,47.05,48,79,17.54
747,Staryy Nadym,RU,1633628985,65.6118,72.6842,43.75,83,100,20.04
748,Maniitsoq,GL,1633628985,65.4167,-52.9,36.68,55,19,1.25
749,Nizhniy Odes,RU,1633628985,63.6445,54.856,43.9,77,0,12.17
750,Khovd,MN,1633628986,48.0056,91.6419,29.34,33,0,4.7
751,Sedam,IN,1633628986,17.1773,77.2824,78.49,79,90,4.16
752,Pangai,TO,1633628986,-19.8,-174.35,71.71,88,75,5.75
753,Guarapari,BR,1633628987,-20.6667,-40.4975,85.89,78,44,4.47
754,Hervey Bay,AU,1633628987,-25.2986,152.8535,64.02,82,67,4.23
755,São Gabriel da Cachoeira,BR,1633628987,-0.1303,-67.0892,76.8,94,90,5.75
756,Ta Khmau,KH,1633628988,11.4833,104.95,78.85,89,40,2.3
757,Luanda,AO,1633628948,-8.8368,13.2343,77.0,78,40,12.66
758,Marsciano,IT,1633628988,42.9059,12.3359,59.38,74,100,5.99
759,Assiniboia,CA,1633628988,49.6334,-105.9845,55.31,46,42,11.5
760,Çorum Province,TR,1633628989,40.5,34.75,51.21,49,5,4.03
761,Wenshang,CN,1633628989,35.7275,116.4961,56.66,87,100,4.05
762,Weligama,LK,1633628989,5.9667,80.4167,79.21,86,62,8.25
763,Paita,PE,1633628990,-5.0892,-81.1144,77.56,72,61,18.32
764,Grindavik,IS,1633628990,63.8424,-22.4338,48.15,81,90,24.16
765,Berbera,SO,1633628990,10.4396,45.0143,88.12,74,14,11.41
766,Vigrestad,NO,1633628991,58.5667,5.7,57.99,88,100,16.6
767,Tonstad,NO,1633628991,58.6626,6.7169,57.24,98,99,3.04
768,Korla,CN,1633628991,41.7597,86.1469,45.23,65,100,20.15
769,Rizhao,CN,1633628992,35.4275,119.4553,57.56,93,100,10.92
770,Abu Dhabi,AE,1633628992,24.4667,54.3667,91.51,58,0,5.75
771,Maşyāf,SY,1633628993,35.0653,36.3406,68.05,25,0,5.64
772,Dankov,RU,1633628993,53.2515,39.1555,40.35,60,3,6.67
773,Malatya Province,TR,1633628993,38.5,38.0,44.65,49,0,6.91
774,Borovoy,RU,1633628993,55.4333,86.0833,34.88,93,90,11.18
775,Robertsganj,IN,1633628994,24.7,83.0667,77.63,75,31,1.86
776,Houma,US,1633628994,29.5958,-90.7195,86.0,64,7,4.0
777,Pontianak,ID,1633628995,-0.0333,109.3333,75.18,100,40,1.14
778,Chapais,CA,1633628995,49.7834,-74.8492,67.78,50,45,8.72
779,Waipawa,NZ,1633628995,-41.4122,175.5153,55.02,95,100,5.03
780,Port Shepstone,ZA,1633628995,-30.7414,30.455,68.34,87,100,29.08
781,Mahébourg,MU,1633628996,-20.4081,57.7,72.25,88,75,8.05
782,Campobello di Mazara,IT,1633628996,37.6358,12.7443,68.76,79,43,5.01
783,Edwardsville,US,1633628996,38.8114,-89.9532,75.88,81,78,5.01
784,At-Bashi,KG,1633628997,41.1702,75.8106,40.75,86,96,3.38
785,Basse,DE,1633628997,52.5518,9.5069,56.62,88,40,1.14
786,Phan Thiet,VN,1633628997,10.9333,108.1,75.87,91,100,9.01
787,Varkaus,FI,1633628998,62.3153,27.873,50.11,88,100,11.86
788,Kalga,RU,1633628998,50.9251,118.898,32.67,60,5,3.44
789,Tongren,CN,1633628999,27.7172,109.1853,63.3,80,64,4.54
790,Ngunguru,NZ,1633628999,-35.6167,174.5,55.56,89,75,9.08
791,Praia,CV,1633628999,14.9215,-23.5087,88.34,58,40,12.66
792,Khāsh,IR,1633629000,28.2211,61.2158,70.81,14,0,5.03
793,Mossamedes,AO,1633629000,-15.1961,12.1522,64.4,80,45,11.81
794,Northam,GB,1633629001,51.0333,-4.2167,63.19,87,82,7.07
795,Labuhan,ID,1633629001,-6.8844,112.2051,78.49,73,19,8.28
796,América Dourada,BR,1633629001,-11.4553,-41.4361,93.76,23,39,10.27
797,Channel-Port aux Basques,CA,1633629003,47.5702,-59.1367,54.5,59,69,17.22
798,Voh,NC,1633629003,-20.9667,164.7,64.56,83,5,3.89
799,Nieuw Nickerie,SR,1633629004,5.95,-56.9833,85.12,66,88,9.66
800,Bakel,SN,1633629004,14.905,-12.4568,98.56,31,100,2.53
801,Whitehaven,GB,1633629005,54.549,-3.5841,62.85,96,100,18.57
802,Slave Lake,CA,1633628847,55.2834,-114.769,44.58,49,1,9.22
803,Humen,CN,1633629006,22.819,113.6731,80.01,69,100,13.02
804,Smolenskaya Oblast’,RU,1633629006,55.0,33.0,39.06,66,22,3.98
805,Yulara,AU,1633629006,-25.2406,130.9889,64.24,59,0,4.61
806,Great Falls,US,1633628901,47.5002,-111.3008,49.68,44,90,0.0
807,Vyartsilya,RU,1633629007,62.1764,30.693,49.14,81,100,11.74
808,Kununurra,AU,1633629007,-15.7667,128.7333,76.98,65,92,2.3
809,Bandarbeyla,SO,1633629007,9.4942,50.8122,81.72,74,61,21.61
810,Vryburg,ZA,1633629008,-26.9566,24.7284,65.32,73,74,18.72
811,Bhīnmāl,IN,1633629008,25.0,72.25,90.34,40,75,3.6
812,Aykhal,RU,1633629009,66.0,111.5,20.88,97,99,5.84
813,Ulladulla,AU,1633629009,-35.35,150.4667,56.3,75,95,1.03
814,Daye,CN,1633629009,30.0833,114.95,62.6,87,57,5.32
815,Tingo María,PE,1633629010,-9.2895,-76.0088,86.31,58,20,6.91
816,Ames,US,1633628990,42.0347,-93.6199,75.43,82,75,4.61
817,Agadez,NE,1633629011,19.75,10.25,83.25,15,0,9.13
818,Brandon,US,1633629011,27.9378,-82.2859,94.1,63,1,1.01
819,Kaeo,NZ,1633629011,-35.1,173.7833,53.83,96,60,6.53
820,Traverse City,US,1633629012,44.7631,-85.6206,72.84,71,75,10.36
821,Tashigang,BT,1633629012,27.3331,91.5542,67.44,93,41,2.66
822,Brookhaven,US,1633628780,31.5791,-90.4407,85.15,55,0,2.06
823,Norman Wells,CA,1633629013,65.282,-126.8329,24.84,93,75,3.44
824,Burnie,AU,1633629013,-41.0667,145.9167,48.94,87,68,9.91
825,Bud,US,1633629013,39.447,-86.1758,73.74,85,99,8.61
826,Sorokyne,UA,1633628728,48.2923,39.7373,43.47,38,34,12.77
827,Piripiri,BR,1633629014,-4.2733,-41.7769,104.02,17,73,5.59
828,Bella Union,UY,1633629014,-30.2752,-57.6007,68.56,38,57,9.26
829,Yaan,NG,1633629014,7.3833,8.5667,78.13,83,84,5.61
830,Çan,TR,1633629015,40.0333,27.0524,63.28,82,40,9.19
831,Grootfontein,NA,1633629016,-19.5667,18.1167,82.67,26,77,6.4
832,Kropotkin,RU,1633629016,45.4375,40.5756,49.17,60,43,19.15
833,Vostok,RU,1633629017,46.4856,135.8833,35.47,91,64,5.68
834,Busselton,AU,1633629017,-33.65,115.3333,52.09,77,76,8.23
835,Esmeraldas,BR,1633629017,-19.7625,-44.3139,78.91,31,74,7.43
836,Nouadhibou,MR,1633629018,20.931,-17.0347,80.58,57,46,13.8
837,Bulungu,CD,1633629018,-4.55,18.6,82.09,54,84,5.48
838,Charleston,US,1633629018,32.7766,-79.9309,84.2,81,75,1.01
839,Petropavlovsk-Kamchatskiy,RU,1633629019,53.0452,158.6483,30.79,80,40,4.47
840,Isangel,VU,1633629019,-19.55,169.2667,69.96,75,0,13.09
841,Sambava,MG,1633629020,-14.2667,50.1667,73.74,74,78,2.01
842,Bambanglipuro,ID,1633629020,-7.95,110.2833,74.08,82,35,2.33
843,Khandyga,RU,1633629021,62.6667,135.6,24.06,94,63,4.59
844,Touros,BR,1633629021,-5.1989,-35.4608,86.9,66,86,17.78
845,Chernyshevskiy,RU,1633629021,63.0128,112.4714,25.79,97,100,4.23
846,Zacualtipán,MX,1633629022,20.65,-98.6,68.77,48,19,5.84
847,Maebaru-chūō,JP,1633629022,33.55,130.2,71.76,81,0,2.06
848,Masuguru,TZ,1633629023,-11.3667,38.4167,83.97,47,75,12.19
849,Morant Bay,JM,1633629023,17.8815,-76.4093,88.63,72,45,10.63
850,Mutoko,ZW,1633629023,-17.397,32.2268,63.63,66,20,12.64
851,Catuday,PH,1633629024,16.2923,119.8062,79.03,80,99,9.06
852,Mindelo,CV,1633629024,16.8901,-24.9804,83.75,58,40,25.32
853,Vung Tau,VN,1633629025,10.346,107.0843,78.15,89,100,12.57
854,East London,ZA,1633628739,-33.0153,27.9116,67.14,88,0,13.8
855,Esim,GH,1633629025,4.8699,-2.2405,78.89,84,89,6.96
856,Vaini,TO,1633629026,-21.2,-175.2,71.76,94,75,4.61
857,Tegul'det,RU,1633629026,57.3064,88.1667,36.34,98,100,7.09
858,Port Hardy,CA,1633629026,50.6996,-127.4199,44.6,93,90,5.75
859,Djibouti,DJ,1633629027,11.5,42.5,85.42,40,89,9.51
860,Rocha,UY,1633629027,-34.4833,-54.3333,56.07,54,5,8.48
861,Umm Kaddadah,SD,1633629028,13.6017,26.6876,91.94,14,2,7.99
862,Bad Doberan,DE,1633629028,54.1071,11.9005,52.97,88,90,6.78
863,Manzhouli,CN,1633629028,49.6,117.4333,39.07,48,74,1.59
864,Mtinko,TZ,1633629029,-4.55,34.85,75.29,25,38,9.46
865,Carlsbad,US,1633629029,33.1581,-117.3506,73.45,82,90,3.0
866,Palmerston,AU,1633629029,-12.486,130.9833,78.78,90,93,3.44
867,Zharkent,KZ,1633629030,44.1628,80.0,36.66,40,0,4.52
868,Mariehamn,AX,1633629030,60.0973,19.9348,53.46,87,0,5.75
869,Sam Roi Yot,TH,1633629030,12.2708,99.872,81.97,90,100,4.21
870,Wilmington Island,US,1633629031,32.0036,-80.9737,84.97,66,75,0.0
871,Tūkrah,LY,1633629031,32.5341,20.5791,74.46,66,0,5.68
872,Yangambi,CD,1633629031,0.8102,24.4336,75.22,81,82,1.34
873,Changji,CN,1633629032,44.0167,87.3167,36.39,87,40,4.47
874,Cametá,BR,1633629032,-2.2444,-49.4958,90.16,54,55,7.61
875,Hare Bay,CA,1633629033,48.8499,-54.0148,56.8,47,76,11.88
876,Inzhavino,RU,1633629033,52.3185,42.4937,41.9,57,1,6.73
877,Umluj,SA,1633629033,25.0213,37.2685,83.23,62,0,11.14
878,Richards Bay,ZA,1633629034,-28.783,32.0377,68.27,80,77,15.46
879,Holenarasipura,IN,1633629034,12.7828,76.2431,70.12,95,99,5.77
880,Neryungri,RU,1633629034,56.6709,124.6491,24.22,88,89,3.71
881,Alakurtti,RU,1633629035,66.9672,30.3491,36.63,94,100,11.48
882,Malindi,KE,1633629035,-3.2175,40.1191,77.61,81,8,14.45
883,Verkhoyansk,RU,1633629035,67.5447,133.385,28.38,55,100,12.97
884,Makakilo City,US,1633628975,21.3469,-158.0858,75.56,69,75,8.05
885,Victoria Point,AU,1633629036,-27.5833,153.3,67.98,90,74,1.99
886,Aripuanã,BR,1633629036,-9.1667,-60.6333,91.51,48,89,1.21
887,Xunchang,CN,1633629036,28.4543,104.715,63.07,95,100,1.1
888,Husavik,IS,1633629037,66.0449,-17.3389,44.51,95,100,29.53
889,Circleville,US,1633629037,39.6006,-82.946,74.14,83,90,3.44
890,Port Alfred,ZA,1633629038,-33.5906,26.891,67.68,87,74,22.95
891,Kapit,MY,1633629038,2.0167,112.9333,73.99,96,24,0.83
892,Cotonou,BJ,1633629038,6.3654,2.4183,84.18,74,20,6.91
893,Caravelas,BR,1633629039,-17.7125,-39.2481,84.02,55,20,10.87
894,Hermanus,ZA,1633629039,-34.4187,19.2345,62.91,72,19,9.42
895,Ekimchan,RU,1633629039,53.0667,132.9667,33.19,98,100,4.43
896,Antanifotsy,MG,1633629040,-19.65,47.3167,56.19,79,51,6.44
897,Mwene-Ditu,CD,1633629040,-7.0,23.45,74.57,62,81,1.7
898,Şile,TR,1633629040,41.1754,29.6133,63.57,65,42,5.99
899,Hojāi,IN,1633629041,26.0,92.8667,75.11,94,13,1.39
900,Van Buren,US,1633629041,35.4368,-94.3483,84.42,56,2,1.01
901,Ust-Nera,RU,1633629041,64.5667,143.2,20.68,92,86,5.57
902,Shuangcheng,CN,1633629041,45.35,126.2833,40.68,63,9,7.83
903,Qeshm,IR,1633629042,26.9581,56.2719,89.49,70,0,7.43
904,Porbandar,IN,1633629042,21.6422,69.6093,84.25,78,61,8.66
905,Portland,US,1633628758,45.5234,-122.6762,54.18,91,90,1.01
906,Laguna,US,1633629042,38.421,-121.4238,70.3,58,1,3.0
907,Yar-Sale,RU,1633629043,66.8333,70.8333,42.87,87,100,20.13
908,Rochegda,RU,1633629043,62.8,43.25,45.41,75,3,11.34
909,Merauke,ID,1633629044,-8.4667,140.3333,77.38,88,90,6.8
910,Desterro,BR,1633629044,-7.2906,-37.0939,93.78,19,49,7.81
911,Ostrovnoy,RU,1633629044,68.0531,39.5131,49.26,89,100,27.49
912,Laï,TD,1633629045,9.3952,16.2989,77.04,76,71,3.83
913,Nizhnekamsk,RU,1633629045,55.6366,51.8245,39.99,81,0,6.71
914,Westport,US,1633628760,41.1415,-73.3579,76.05,71,75,1.99
915,Xicoténcatl,MX,1633629046,23.0167,-98.8833,86.54,54,54,1.03
916,El Alto,PE,1633629046,-4.2714,-81.2147,74.86,67,22,24.72
917,Torit,SS,1633629046,4.4133,32.5678,72.09,90,78,2.44
918,Ingham,US,1633629047,42.6,-84.3833,70.3,92,90,5.75
919,Arrondissement de Saintes,FR,1633629047,45.6667,-0.75,62.35,52,21,8.23
920,Waddān,LY,1633629048,29.1614,16.139,83.57,18,0,6.2
921,Diveyevo,RU,1633629048,55.0433,43.2418,39.58,61,0,3.38
922,Vetluga,RU,1633629049,57.8557,45.781,38.01,78,9,5.26
923,Nikol'sk,RU,1633629049,53.7189,46.0712,38.89,71,0,4.32
924,Vyshestebliyevskaya,RU,1633629049,45.1961,37.0181,52.21,60,100,24.96
925,Chicama,PE,1633629049,-7.8447,-79.1469,63.14,61,76,11.27
926,Uyar,RU,1633629050,55.81,94.3153,34.11,96,100,15.95
927,Waitati,NZ,1633629050,-45.75,170.5667,54.81,69,79,2.44
928,Yakima,US,1633629027,46.4665,-120.6678,53.19,53,1,5.75
929,Malhārgarh,IN,1633629051,24.2833,74.9833,78.06,64,9,1.59
930,Bambous Virieux,MU,1633629051,-20.3428,57.7575,72.21,88,75,8.05
931,Conakry,GN,1633629052,9.538,-13.6773,87.87,74,40,9.22
932,Kedrovyy,RU,1633629052,56.1667,91.8167,32.41,97,100,10.67
933,Bom Jesus do Galho,BR,1633629052,-19.8289,-42.3161,88.39,33,82,4.47
934,Ishigaki,JP,1633628900,24.3448,124.1572,81.91,80,86,12.88
935,Reconquista,AR,1633629053,-29.15,-59.65,77.99,24,38,12.06
936,Krasnoyarsk,RU,1633629053,56.0097,92.7917,34.2,96,100,13.09
937,Santa Rosa,PH,1633629054,14.3122,121.1114,81.1,89,96,2.01
938,Tiznit Province,MA,1633629054,29.5833,-9.5,76.26,40,37,5.41
939,Tulskiy,RU,1633629054,44.5094,40.1762,45.34,83,26,8.28
940,Ko Samui,TH,1633629055,9.5357,99.9357,81.52,79,100,23.91
941,Fort Nelson,CA,1633628936,58.8053,-122.7002,26.19,93,20,4.61
942,Moose Factory,CA,1633629055,51.2585,-80.6094,66.2,68,1,11.5
943,Erdenet,MN,1633629056,49.0333,104.0833,33.78,92,100,3.06
944,Priargunsk,RU,1633629056,50.3691,119.1012,37.31,54,3,3.2
945,Acarí,PE,1633629056,-15.4311,-74.6158,74.91,61,88,11.21
946,Bogorodskoye,RU,1633629057,56.55,37.8833,39.47,66,0,5.3
947,San Cristobal,VE,1633629057,7.7669,-72.225,84.38,50,80,8.66
948,Kearney,US,1633628904,40.6995,-99.0815,74.32,56,1,11.99
949,Carauari,BR,1633628968,-4.8828,-66.8958,92.95,46,99,2.1
950,Nikolskoye,RU,1633629057,59.7035,30.7861,50.88,55,40,9.89
951,Nichinan,JP,1633629058,31.6,131.3667,71.87,78,60,4.88
952,Sassandra,CI,1633629058,4.95,-6.0833,78.15,86,100,5.95
953,Broken Hill,AU,1633628848,-31.95,141.4333,51.51,40,7,6.91
954,Magadan,RU,1633629059,59.5667,150.8,28.33,55,35,3.74
955,Havøysund,NO,1633629059,70.9963,24.6622,38.28,64,100,29.89
956,Cidreira,BR,1633629060,-30.1811,-50.2056,63.03,54,37,11.39
957,Tarauacá,BR,1633629060,-8.1614,-70.7656,97.99,36,68,0.89
958,Río Gallegos,AR,1633629060,-51.6226,-69.2181,55.45,38,0,4.61
959,Mount Gambier,AU,1633629061,-37.8333,140.7667,42.71,100,99,11.5
960,Prado,BR,1633629061,-17.3411,-39.2208,81.03,61,14,13.27
961,Cookeville,US,1633628359,36.1628,-85.5016,77.65,76,90,1.99
962,Hede,CN,1633629061,33.7681,120.2517,70.18,94,97,7.99
963,Lacey,US,1633629062,47.0343,-122.8232,54.16,89,90,1.99
964,Rūdbār,AF,1633629062,30.15,62.6,76.68,17,0,6.96
965,Cascais,PT,1633629063,38.6979,-9.4215,81.75,44,0,16.11
966,Petrovsk,RU,1633629063,52.3064,45.3917,41.58,62,3,5.17
967,Lufilufi,WS,1633629064,-13.8745,-171.5986,78.58,78,54,16.93
968,Nizwá,OM,1633629064,22.9333,57.5333,88.11,37,0,4.99
969,Oussouye,SN,1633629064,12.485,-16.5469,95.18,69,97,8.97
970,Ferme-Neuve,CA,1633629065,46.7001,-75.4493,65.98,60,25,3.8
971,Terrace Bay,CA,1633629065,48.7834,-87.1,64.02,84,32,7.74
972,Tagbac,PH,1633629065,7.089,125.1567,73.72,95,99,0.94
973,Road Town,VG,1633629066,18.4167,-64.6167,89.64,66,40,9.22
974,Zaporizhia,UA,1633629066,47.8167,35.1833,45.27,33,0,8.95
975,Alihe,CN,1633629066,50.5667,123.7167,33.6,83,17,2.98
976,Qianjiang,CN,1633629067,30.4151,112.8859,58.75,78,79,10.94
977,Saryg-Sep,RU,1633629067,51.5,95.6,30.11,66,99,2.68
978,Sibolga,ID,1633629068,1.7427,98.7792,76.1,88,95,2.57
979,Finschhafen,PG,1633629068,-6.6024,147.8681,78.66,82,29,6.08
980,Saint George,US,1633629034,37.1041,-113.5841,77.47,49,1,3.0
981,Būkān,IR,1633629069,36.521,46.2089,52.74,62,0,2.73
982,Taloqan,AF,1633629069,36.7361,69.5345,55.96,38,3,0.76
983,Dinguiraye,GN,1633629069,11.3,-10.7167,79.21,78,89,2.13
984,Kumul,CN,1633629070,42.8,93.45,47.03,39,97,18.19
985,Rock Sound,BS,1633629070,24.9,-76.2,83.68,67,28,14.38
986,Bourail,NC,1633629071,-21.5667,165.4833,62.02,77,0,4.43
987,Poum,NC,1633629071,-20.2333,164.0167,73.56,68,83,14.83
988,Salalah,OM,1633629071,17.0151,54.0924,81.03,78,85,2.46
989,Laas,IT,1633629072,46.6166,10.7002,52.68,90,71,6.38
990,Paragominas,BR,1633629072,-2.9667,-47.4833,94.82,35,87,3.31
991,Iquique,CL,1633629073,-20.2208,-70.1431,64.44,67,88,8.28
992,Kapoeta,SS,1633629073,4.7717,33.5903,79.41,66,78,6.64
993,Sheffield Lake,US,1633629073,41.4875,-82.1015,81.72,71,20,3.0
994,Khatanga,RU,1633629074,71.9667,102.5,14.72,94,100,5.82
995,Babu,CN,1633629074,24.4167,111.5167,68.43,82,2,6.93
996,Chokurdakh,RU,1633629075,70.6333,147.9167,7.05,90,89,5.82
997,Haimen,CN,1633629075,23.1935,116.6142,76.89,88,100,17.65
998,Bowmore,US,1633629075,34.9421,-79.3031,78.75,79,90,4.0
999,Coahuayana Viejo,MX,1633629076,18.7333,-103.6833,90.88,57,28,4.68
1000,Bondo,CD,1633629076,3.8146,23.6866,75.83,78,89,0.74
1001,Rosarito,MX,1633629076,32.3333,-117.0333,71.28,72,100,3.8
1002,Alice Springs,AU,1633629077,-23.7,133.8833,63.95,77,0,5.75
1003,Pokhara,NP,1633629077,28.2333,83.9833,68.63,83,48,4.79
1004,Madimba,TZ,1633629077,-10.4,40.3333,75.78,84,25,8.68
1005,Lábrea,BR,1633629078,-7.2586,-64.7981,92.17,48,80,1.21
1006,Mago,RU,1633629078,53.2514,140.1822,33.87,74,100,2.46
1007,Ormara,PK,1633629078,25.2088,64.6357,80.89,82,34,12.44
1008,Buriti Alegre,BR,1633629079,-18.14,-49.0403,97.14,19,63,2.93
1009,Pampa,US,1633629079,35.5362,-100.9599,83.19,34,1,9.22
1010,Panabá,MX,1633629079,21.2833,-88.2667,91.08,51,99,6.02
1011,Orcopampa,PE,1633629080,-15.2661,-72.3417,52.68,65,95,3.31
1012,Chimoio,MZ,1633629080,-19.1164,33.4833,69.66,88,75,11.99
1013,Bubaque,GW,1633629080,11.2833,-15.8333,84.13,71,91,4.14
1014,Vredendal,ZA,1633629081,-31.6683,18.5012,57.97,89,6,8.72
1015,Severodvinsk,RU,1633628795,64.5635,39.8302,53.71,70,100,20.36
1016,Jovellar,PH,1633629081,13.0695,123.5999,76.24,91,100,2.82
1017,Volgodonsk,RU,1633629082,47.5136,42.1514,41.95,39,9,16.55
1018,Várzea da Palma,BR,1633629082,-17.5981,-44.7308,101.19,20,87,4.32
1019,Port Macquarie,AU,1633629035,-31.4333,152.9167,62.56,81,85,13.82
1020,Santiago de Chuco,PE,1633629082,-8.15,-78.1833,61.21,58,74,1.07
1021,Lake Shasta,US,1633629083,40.6804,-122.3708,67.08,47,100,2.62
1022,Ust-Tsilma,RU,1633629083,65.441,52.1498,47.19,68,89,12.46
1023,Mananara,MG,1633629083,-16.1667,49.7667,71.69,87,83,4.52
1024,Coxim,BR,1633629084,-18.5067,-54.76,98.6,32,70,5.64
1025,Yakeshi,CN,1633629084,49.2833,120.7333,34.79,71,4,3.74
1026,Concordia,AR,1633628841,-31.393,-58.0209,64.47,45,0,11.99
1027,Ambulu,ID,1633629084,-8.345,113.6058,72.23,86,38,2.93
1028,Humaitá,BR,1633629084,-7.5061,-63.0208,93.94,43,43,1.79
1029,Xai-Xai,MZ,1633629085,-25.0519,33.6442,69.78,72,69,12.12
1030,Qaanaaq,GL,1633629085,77.484,-69.3632,19.83,60,41,7.09
1031,Zelenoborsk,RU,1633629085,61.4669,64.0333,43.54,73,42,10.07
1032,Morropón,PE,1633629086,-5.1822,-79.9689,88.5,43,36,8.55
1033,Saint-Philippe,RE,1633629086,-21.3585,55.7679,71.15,78,99,8.52
1034,Kirensk,RU,1633629086,57.7853,108.1119,32.77,97,100,10.4
1035,Biltine,TD,1633629087,14.5333,20.9167,91.33,17,2,7.61
1036,Kütahya,TR,1633629087,39.4242,29.9833,53.67,47,5,4.36
1037,Gore,NZ,1633629088,-46.1028,168.9436,48.22,95,70,2.28
1038,Leh,IN,1633629089,34.1667,77.5833,51.15,19,0,3.71
1039,Manadhoo,MV,1633629089,5.7667,73.3833,82.06,80,31,13.98
1040,Plouzané,FR,1633629089,48.3833,-4.6167,64.42,85,90,4.61
1041,Hamilton,US,1633629090,39.1834,-84.5333,76.24,78,75,1.99
1042,Shakawe,BW,1633629090,-18.3667,21.85,82.62,32,71,4.45
1043,Dhārchula,IN,1633629090,29.85,80.5333,65.71,88,43,3.09
1044,Carson City,US,1633629091,39.1638,-119.7674,68.31,46,20,1.01
1045,Deep River,CA,1633629091,46.1001,-77.4995,69.44,55,2,1.86
1046,Clyde River,CA,1633629092,70.4692,-68.5914,30.43,100,75,5.75
1047,Vangaindrano,MG,1633629092,-23.35,47.6,65.5,75,54,8.79
1048,Kozel'sk,RU,1633629092,54.0375,35.7716,34.09,71,63,4.61
1049,Manama,BH,1633629011,26.2154,50.5832,89.78,72,1,8.05
1050,Mandalay,MM,1633629093,21.9747,96.0836,79.95,79,8,3.2
1051,Togur,RU,1633629093,58.3631,82.8265,39.92,96,100,8.39
1052,Sorong,ID,1633629094,-0.8833,131.25,78.35,90,100,7.47
1053,Departamento de Maldonado,UY,1633629094,-34.6667,-54.9167,53.22,52,5,8.39
1054,Faro,PT,1633628936,37.0194,-7.9322,74.98,53,0,8.05
1055,Athabasca,CA,1633629094,54.7169,-113.2854,41.41,43,10,10.76
1056,Cabano,PH,1633629095,10.5869,122.7002,80.73,83,100,6.53
1057,Saint-Anselme,CA,1633629095,46.6292,-70.9734,68.14,65,35,4.0
1058,Beringovskiy,RU,1633629095,63.05,179.3167,32.23,92,99,4.12
1059,Jennings,US,1633629096,38.7192,-90.2604,75.22,74,75,1.99
1060,Ekibastuz,KZ,1633629096,51.6667,75.3667,37.49,84,82,14.23
1061,Teahupoo,PF,1633629096,-17.8333,-149.2667,73.36,77,16,6.26
1062,Cockburn Town,TC,1633629097,21.4612,-71.1419,85.96,66,40,12.66
1063,Chaniotis,GR,1633629097,39.9991,23.58,66.51,65,99,20.02
1064,Maroantsetra,MG,1633629098,-15.4333,49.7333,71.94,86,71,4.05
1065,Barbastro,ES,1633629098,42.0356,0.1269,71.78,42,10,2.77
1066,Ranong,TH,1633629098,9.9658,98.6348,77.67,92,100,10.54
1067,Pouembout,NC,1633629099,-21.1333,164.9,64.09,78,1,4.76
1068,Don Luan,VN,1633629099,11.5333,106.9167,72.99,98,100,2.62
1069,Thyborøn,DK,1633629100,56.6985,8.2124,56.98,83,91,12.1
1070,Eišiškės,LT,1633629100,54.1667,25.0,45.18,65,52,7.52
1071,Khanbari,NP,1633628941,27.3747,87.2039,68.94,94,43,1.54
1072,Matara,LK,1633629101,5.9485,80.5353,78.98,88,64,8.3
1073,Acajutla,SV,1633629101,13.5928,-89.8275,85.82,64,100,3.44
1074,Moroto,UG,1633629101,2.5345,34.6666,71.98,67,92,9.95
1075,Daru,PG,1633629102,-9.0763,143.2092,78.39,90,75,12.12
1076,Iracoubo,GF,1633629102,5.4802,-53.2011,86.02,67,90,12.46
1077,Qasigiannguit,GL,1633629102,68.8193,-51.1922,20.07,77,17,2.21
1078,Avarua,CK,1633629103,-21.2078,-159.775,75.25,73,8,3.44
1079,Derzhavīnsk,KZ,1633629103,51.1,66.3167,40.24,58,35,5.99
1080,Verkhniachka,UA,1633629103,48.8285,30.0396,41.77,36,1,7.92
1081,Manbij,SY,1633629104,36.5281,37.9549,63.37,23,0,4.0
1082,Fare,PF,1633629104,-16.7,-151.0167,78.04,76,6,8.57
1083,Bereket,TM,1633629105,39.2446,55.5154,49.73,68,98,8.88
1084,Aras,ES,1633629105,42.5617,-2.356,66.61,37,0,6.91
1085,Liwale,TZ,1633629105,-9.7667,37.9333,74.75,67,73,5.19
1086,Acapulco de Juárez,MX,1633628944,16.8634,-99.8901,86.04,68,49,4.76
1087,Guerrero Negro,MX,1633629106,27.9769,-114.0611,74.52,61,69,16.11
1088,Olafsvik,IS,1633629106,64.8945,-23.7142,45.0,79,100,33.82
1089,Swindon,GB,1633629107,51.558,-1.7812,64.04,88,90,1.01
1090,Santa Cruz del Norte,CU,1633629107,23.1539,-81.9236,90.21,68,40,13.0
1091,São Paulo de Olivença,BR,1633629107,-3.3783,-68.8725,87.8,63,94,1.97
1092,Camaná,PE,1633629108,-16.6228,-72.7111,65.05,79,83,7.87
1093,Kattivākkam,IN,1633629108,13.2167,80.3167,86.09,76,85,9.69
1094,Voyvozh,RU,1633629108,62.892,54.9635,41.99,83,5,10.47
1095,Nong’an,CN,1633629109,44.382,125.1685,49.59,62,34,6.82
1096,Geraldton,AU,1633629109,-28.7667,114.6,52.21,87,75,6.91
1097,Neo Monastiri,GR,1633629109,39.2333,22.25,65.01,79,100,6.08
1098,Manokwari,ID,1633629110,-0.8667,134.0833,79.83,74,98,7.38
1099,Qandala,SO,1633629110,11.472,49.8728,85.62,75,12,3.42
1100,Narasannapeta,IN,1633629110,18.4167,84.05,79.39,87,11,3.24
1101,Kupang,ID,1633629111,-10.1667,123.5833,75.76,86,59,5.3
1102,Thinadhoo,MV,1633629111,0.5333,72.9333,83.71,75,52,12.08
1103,Mangai,CD,1633629112,-4.05,19.5333,75.83,76,93,1.83
1104,Ishinomaki,JP,1633629112,38.4167,141.3,66.4,93,70,10.98
1105,La Ermita,MX,1633629112,20.4139,-101.9936,74.88,51,24,6.26
1106,Hammerfest,NO,1633629113,70.6634,23.6821,37.85,75,75,10.36
1107,Atherton,GB,1633629113,53.5237,-2.4935,66.29,81,99,3.0
1108,Sivas Province,TR,1633629113,39.7916,37.0019,50.63,44,0,2.75
1109,Mercedes,AR,1633628917,-34.6515,-59.4307,66.85,34,0,5.1
1110,Lompoc,US,1633629114,34.6391,-120.4579,72.09,82,90,3.44
1111,Johnstown,US,1633629114,40.3267,-78.922,77.79,73,90,6.91
1112,Johi,PK,1633629114,26.6921,67.6133,93.9,26,7,6.33
1113,Broome,US,1633629115,42.2506,-75.833,75.65,66,40,1.01
1114,Omsukchan,RU,1633629115,62.5333,155.8,3.65,96,44,2.68
1115,Sturgeon Bay,US,1633629115,44.8342,-87.377,67.08,82,40,9.22
1116,Kolyshley,RU,1633629116,52.7005,44.5367,41.74,63,4,5.57
1117,Amapá,BR,1633628975,1.0,-52.0,100.42,27,54,4.43
1118,Wanaka,NZ,1633629116,-44.7,169.15,52.11,73,95,3.0
1119,Paphos,CY,1633629116,34.7667,32.4167,74.98,41,0,4.61
1120,‘Ewa Beach,US,1633629117,21.3156,-158.0072,76.98,69,75,11.01
1121,Palembang,ID,1633629117,-2.9167,104.7458,75.24,93,68,3.36
1122,Faanui,PF,1633629117,-16.4833,-151.75,78.24,75,22,10.07
1123,Kanepi,EE,1633629118,57.982,26.7627,45.52,59,67,7.67
1124,Muisne,EC,1633629118,0.6,-80.0333,84.31,74,99,13.56
1125,Tilichiki,RU,1633629118,60.4667,166.1,27.32,65,98,6.35
1126,Oyama,JP,1633629119,36.3,139.8,71.04,82,93,1.41
1127,Iqaluit,CA,1633629119,63.7506,-68.5145,42.53,65,75,8.99
1128,Bethel,US,1633629119,41.3712,-73.414,74.01,73,40,1.01
1129,St. George's,GD,1633629120,12.0564,-61.7485,89.28,70,20,18.41
1130,Morgan City,US,1633629044,29.6994,-91.2068,86.0,69,40,5.75
1131,Chacabuco,AR,1633628947,-34.6417,-60.4739,64.83,29,0,7.38
1132,Tombouctou,ML,1633629120,20.0,-3.0,95.38,7,0,10.69
1133,Taltal,CL,1633629120,-25.4,-70.4833,61.39,72,94,6.29
1134,Nachalovo,RU,1633629121,46.338,48.2013,39.13,64,0,6.71
1135,Cuiluan,CN,1633629121,47.72,128.648,37.51,83,4,4.92
1136,Tautira,PF,1633629121,-17.7333,-149.15,78.82,77,14,5.79
1137,Solnechnyy,RU,1633629122,50.7214,136.6319,37.31,65,99,4.59
1138,Uthai Thani,TH,1633629122,15.3833,99.55,74.68,92,80,2.95
1139,Morros,BR,1633629123,-9.4467,-46.3003,102.49,14,21,8.28
1140,Mosquera,CO,1633629123,4.7059,-74.2302,66.29,45,75,8.05
1141,Rio Grande,BR,1633629123,-32.035,-52.0986,66.31,53,6,10.27
1142,Ozernovskiy,RU,1633629124,51.5,156.5167,44.8,79,100,20.58
1143,Kashgar,CN,1633629124,39.4547,75.9797,65.41,22,86,22.37
1144,Muli,MV,1633629124,2.9167,73.5667,83.28,72,31,12.44
1145,Bonthe,SL,1633629125,7.5264,-12.505,81.57,77,78,7.02
1146,Abay,KZ,1633629125,49.6311,72.8539,37.78,74,100,4.41
1147,Sydney,AU,1633628483,-33.8679,151.2073,61.9,69,90,1.01
1148,Gladstone,AU,1633629125,-23.85,151.25,64.33,88,45,0.0
1149,Bengkulu,ID,1633629126,-3.8004,102.2655,75.58,90,99,2.98
1150,Xining,CN,1633629126,36.6167,101.7667,53.83,66,64,0.29
1151,Alta Floresta,BR,1633629126,-9.8756,-56.0861,96.62,52,40,4.61
1152,Olindina,BR,1633629127,-11.3667,-38.3333,92.98,33,87,15.1
1153,Padang,ID,1633628943,-0.9492,100.3543,75.25,84,98,1.97
1154,Anloga,GH,1633629127,5.7947,0.8973,84.42,79,86,10.29
1155,Lillooet,CA,1633629128,50.6856,-121.942,41.72,50,14,3.53
1156,Lae,PG,1633629128,-6.7221,146.9847,74.82,85,34,5.84
1157,Muroran,JP,1633629128,42.3172,140.9881,55.18,89,100,4.72
1158,Pámfila,GR,1633629129,39.1567,26.5217,65.91,59,0,3.44
1159,Vilcún,CL,1633629129,-38.65,-72.2333,59.74,37,0,4.59
1160,São Borja,BR,1633629129,-28.6606,-56.0044,75.94,42,25,12.64
1161,Golden,US,1633629083,39.7555,-105.2211,76.98,30,47,5.99
1162,Atikokan,CA,1633629130,48.7555,-91.6216,64.78,71,100,6.73
1163,Ostrogozhsk,RU,1633629130,50.8664,39.0756,42.64,49,18,6.73
1164,Nālūt,LY,1633629130,30.3333,10.85,79.75,29,6,10.29
1165,Kuusamo,FI,1633629131,65.9667,29.1833,46.44,93,90,13.8
1166,Ushuaia,AR,1633629131,-54.8,-68.3,49.66,43,0,4.61
1167,Kodīnar,IN,1633629131,20.7903,70.7031,82.94,80,30,1.99
1168,Kendari,ID,1633629132,-3.945,122.4989,75.88,89,93,2.55
1169,Krasnooktyabrskiy,RU,1633629132,44.9328,38.3712,52.09,66,95,14.63
1170,Castaños,MX,1633629132,26.7833,-101.4167,83.35,30,0,5.17
1171,Ábrego,CO,1633629133,8.0807,-73.2205,77.52,63,75,3.89
1172,Tiksi,RU,1633629133,71.6872,128.8694,27.64,95,100,6.62
1173,Luchegorsk,RU,1633629133,46.4764,134.2569,45.81,88,97,6.76
1174,Stony Plain,CA,1633629134,53.5334,-114.0021,48.42,76,7,7.11
1175,Arrondissement d'Arcachon,FR,1633629134,44.5875,-1.0519,64.72,55,0,4.61
1176,Cuervos,MX,1633629134,32.6314,-114.8556,87.04,44,99,3.67
1177,Puerto Peñasco,MX,1633629135,31.3167,-113.5333,81.91,72,100,8.01
1178,‘Āhuimanu,US,1633629135,21.4447,-157.8378,76.75,71,20,12.66
1179,Hithadhoo,MV,1633629135,-0.6,73.0833,83.21,74,32,11.34
1180,Saint-Leu,RE,1633629136,-21.15,55.2833,70.63,76,94,10.74
1181,Monte Patria,CL,1633629136,-30.6919,-70.9467,72.57,32,0,9.06
1182,Sioux Lookout,CA,1633629137,50.1001,-91.917,69.87,68,20,8.05
1183,Muborak,UZ,1633629137,39.2553,65.1528,56.66,28,55,5.88
1184,Saint-François,FR,1633629137,46.4154,3.9054,56.64,72,90,8.05
1185,Gaya,IN,1633629138,24.7833,85.0,82.31,89,20,0.0
1186,Kidal,ML,1633629138,18.4411,1.4078,93.2,11,3,10.76
1187,San Andrés,CO,1633629138,12.5847,-81.7006,87.82,74,75,18.41
1188,Aswān,EG,1633629139,24.0934,32.907,96.1,15,0,6.91
1189,Antalaha,MG,1633629139,-14.9003,50.2788,71.2,77,56,2.51
1190,Aksu,CN,1633629140,41.1231,80.2644,55.33,48,44,0.65
1191,Makubetsu,JP,1633629140,45.3714,141.8211,51.48,68,98,6.96
1192,Jumla,NP,1633629140,29.2747,82.1838,55.69,93,56,2.71
1193,Chadiza,ZM,1633629141,-14.0678,32.4392,75.81,30,19,12.15
1194,Tai’an,CN,1633629141,36.1853,117.12,56.3,86,100,3.04
1195,Mayfield,US,1633629141,36.7417,-88.6367,79.92,71,75,6.42
1196,Pahrump,US,1633628985,36.2083,-115.9839,75.94,39,100,1.01
1197,Ridgecrest,US,1633628863,35.6225,-117.6709,73.65,37,75,7.0
1198,Podgornoye,RU,1633629142,51.735,39.1496,39.42,70,0,2.24
1199,Carlos Chagas,BR,1633628985,-17.7031,-40.7664,99.39,25,8,4.43
1200,Dudinka,RU,1633629143,69.4058,86.1778,37.22,89,100,13.62
1201,Batagay-Alyta,RU,1633629143,67.8006,130.4114,24.26,68,100,5.3
1202,Williamsburg,US,1633629000,37.2707,-76.7075,75.74,76,90,0.0
1203,Nemuro,JP,1633629144,43.3236,145.575,51.96,87,100,10.51
1204,Moses Lake,US,1633629144,47.1301,-119.2781,53.6,40,1,3.51
1205,Yamada,JP,1633629144,39.4667,141.95,65.43,95,100,9.37
1206,Beloha,MG,1633629145,-25.1667,45.05,63.5,64,41,11.34
1207,Cabras,IT,1633629145,39.93,8.5314,60.08,64,56,11.21
1208,Moscow,RU,1633628945,55.7522,37.6156,43.23,64,1,3.62
1209,Shilong,CN,1633629146,23.1123,113.8425,85.96,76,100,9.82
1210,Verkhnyaya Inta,RU,1633629146,65.9811,60.3094,45.73,77,100,20.13
1211,Farafangana,MG,1633629146,-22.8167,47.8333,68.88,64,49,11.79
1212,Oriximiná,BR,1633629147,-1.7656,-55.8661,96.89,36,76,6.22
1213,Hyères,FR,1633629147,43.1167,6.1167,68.41,51,0,1.14
1214,Xichang,CN,1633629148,27.8964,102.2634,63.28,93,72,1.57
1215,Rhodes,GR,1633629148,36.4408,28.2225,73.78,57,0,5.99
1216,Leningori,GE,1633629148,42.126,44.4833,45.91,90,100,4.05
1217,Itaituba,BR,1633629148,-4.2761,-55.9836,96.96,56,40,3.18
1218,Bonavista,CA,1633629149,48.6499,-53.1147,58.12,60,63,13.49
1219,Pasni,PK,1633629149,25.2631,63.471,81.16,78,0,10.16
1220,Vágur,FO,1633629150,61.4732,-6.8119,52.72,94,98,27.72
1221,Formosa,AR,1633629150,-26.1775,-58.1781,78.78,50,0,12.66
1222,Olavarría,AR,1633629150,-36.8927,-60.3225,58.01,41,1,6.06
1223,Zhigansk,RU,1633629151,66.7697,123.3711,27.59,94,100,16.44
1224,Goryachegorsk,RU,1633629151,55.4053,88.9154,33.42,88,100,15.84
1225,Santa Vitória do Palmar,BR,1633629151,-33.5189,-53.3681,58.32,49,5,8.95
1226,Samfya,ZM,1633629016,-11.3649,29.5565,80.46,30,46,9.06
1227,Bredasdorp,ZA,1633629152,-34.5322,20.0403,60.12,82,83,4.61
1228,Pointe Michel,DM,1633629152,15.25,-61.3833,88.74,70,40,5.75
1229,Hukuntsi,BW,1633629152,-24.0,21.75,73.47,51,71,13.22
1230,Port Elizabeth,ZA,1633629153,-33.918,25.5701,69.1,88,0,14.97
1231,Ismailia,EG,1633629108,30.6043,32.2723,72.81,59,0,10.31
1232,Punta Arenas,CL,1633629153,-53.15,-70.9167,50.11,46,0,16.11
1233,Manado,ID,1633629153,1.487,124.8455,75.97,94,40,1.14
1234,Port Said,EG,1633629154,31.2565,32.2841,78.78,57,0,12.66
1235,Burgstädt,DE,1633629154,50.9167,12.8167,55.38,85,13,3.76
1236,Mazabuka,ZM,1633629154,-15.856,27.748,80.91,28,39,10.11
1237,Panjāb,AF,1633629155,34.388,67.0233,45.64,31,0,4.52
1238,Takoradze,GH,1633629155,4.8845,-1.7554,79.07,84,78,6.87
1239,Laminusa,PH,1633629156,5.5549,120.9136,83.61,76,60,7.7
1240,Praia da Vitória,PT,1633629156,38.7333,-27.0667,73.76,73,20,10.51
1241,Alcúdia,ES,1633629156,39.8532,3.1214,73.35,62,61,2.39
1242,Kabwe,ZM,1633629157,-14.4469,28.4464,77.59,31,14,11.25
1243,Altay,CN,1633629157,47.8667,88.1167,25.84,54,6,4.29
1244,Truth or Consequences,US,1633629157,33.1284,-107.2528,78.91,34,63,6.24
1245,San Pedro de Macorís,DO,1633629158,18.4616,-69.2972,91.53,59,18,7.72
1246,Pisco,PE,1633629158,-13.7,-76.2167,68.05,73,0,14.97
1247,Chāndbāli,IN,1633629159,20.7833,86.7667,81.88,84,90,6.44
1248,Kolpny,RU,1633629159,52.2282,37.0368,40.86,66,7,7.23
1249,São Mateus,BR,1633629159,-18.7161,-39.8589,90.81,46,24,6.44
1250,Tokur,RU,1633629160,53.1333,132.9,29.14,98,100,4.05
1251,Felipe Carrillo Puerto,MX,1633629160,19.5833,-88.05,83.01,89,99,4.03
1252,Mayo,US,1633629160,38.8876,-76.5119,79.27,71,1,3.0
1253,Bealanana,MG,1633629161,-14.55,48.7333,64.06,90,78,1.5
1254,Trincomalee,LK,1633629161,8.5711,81.2335,81.81,75,99,15.12
1255,Mataura,NZ,1633629162,-46.1927,168.8643,48.47,96,66,2.44
1256,Camacha,PT,1633629162,33.0833,-16.3333,73.53,68,40,11.5
1257,Sabha,LY,1633629162,27.0377,14.4283,81.25,17,1,6.29
1258,Ilorin,NG,1633629163,8.5,4.55,78.13,84,99,2.04
1259,Gamba,GA,1633629163,-2.65,10.0,76.5,81,83,7.18
1260,Visnes,NO,1633629163,59.3556,5.2242,59.58,94,90,19.57
1261,Porlamar,VE,1633629164,10.958,-63.8491,89.69,58,1,12.66
1262,Atuona,PF,1633629164,-9.8,-139.0333,78.01,76,34,17.18
1263,Aljezur,PT,1633629164,37.3191,-8.8033,70.07,63,0,3.36
1264,Marsaxlokk,MT,1633629165,35.8419,14.5431,72.09,60,20,18.41
1265,Kuching,MY,1633629159,1.55,110.3333,79.02,94,20,3.44
1266,Fayaoué,NC,1633629165,-20.65,166.5333,71.42,67,0,17.65
1267,Griffith,US,1633629166,41.5284,-87.4237,72.63,87,90,1.99
1268,Palmer,US,1633629166,42.1584,-72.3287,74.75,59,20,4.61
1269,Kuruman,ZA,1633629166,-27.4524,23.4325,64.99,50,56,2.21
1270,Brigantine,US,1633629167,39.4101,-74.3646,78.17,66,20,4.61
1271,Port Keats,AU,1633629167,-14.25,129.55,79.88,84,80,6.33
1272,Shadrinsk,RU,1633629021,56.0852,63.6335,41.0,74,25,8.59
1273,Te Anau,NZ,1633629168,-45.4167,167.7167,49.1,95,100,2.51
1274,Marsá Maţrūḩ,EG,1633629168,31.3525,27.2453,71.8,60,40,11.5
1275,Havelock,US,1633629168,34.8791,-76.9013,76.95,85,90,1.99
1276,Hat Yai,TH,1633629169,7.0084,100.4767,75.38,100,75,0.0
1277,Faya,SA,1633629169,18.3851,42.4509,73.51,37,56,13.13
1278,Flin Flon,CA,1633629169,54.7682,-101.865,53.44,62,75,17.27
1279,Hinton,CA,1633629170,53.4001,-117.5857,42.1,45,5,5.46
1280,Rabo de Peixe,PT,1633629170,37.8,-25.5833,73.27,90,75,3.44
1281,Kudahuvadhoo,MV,1633629170,2.6708,72.8944,83.35,73,67,10.51
1282,Amazar,RU,1633629171,53.858,120.875,28.72,75,14,3.0
1283,Mulegé,MX,1633629171,26.8833,-111.9833,90.05,33,39,5.68
1284,Dikson,RU,1633629171,73.5069,80.5464,34.97,90,98,20.98
1285,Nome,US,1633629172,64.5011,-165.4064,30.27,86,1,3.44
1286,Raton,US,1633629172,36.9034,-104.4391,67.19,29,1,0.0
1287,Ribeira Brava,PT,1633629173,32.65,-17.0667,77.0,75,34,1.88
1288,Mogoytuy,RU,1633629173,51.2833,114.9167,35.17,54,39,2.82
1289,Alofi,NU,1633629173,-19.0595,-169.9187,69.69,100,46,2.3
1290,Muzambinho,BR,1633629174,-21.3758,-46.5256,68.88,42,90,7.63
1291,Bayanday,RU,1633629174,53.0661,105.5139,32.56,76,97,3.13
1292,Abbeville,FR,1633629174,50.1,1.8333,60.49,86,100,1.5
1293,Mahon,ES,1633629174,39.8885,4.2658,64.96,59,40,6.91
1294,Umeå,SE,1633629175,63.8284,20.2597,48.9,87,0,4.61
1295,Sinnamary,GF,1633629175,5.3833,-52.95,86.14,67,86,12.82
1296,Hoshcha,UA,1633629176,50.6003,26.6744,42.48,44,0,10.83
1297,Billings Metropolitan Area,US,1633629051,45.7833,-108.5007,64.36,33,75,16.11
1298,Lagoa,PT,1633629176,39.05,-27.9833,69.42,70,16,10.98
1299,Emerald,AU,1633629176,-23.5333,148.1667,68.99,60,75,8.05
1300,Vila Franca do Campo,PT,1633629177,37.7167,-25.4333,74.19,87,100,6.82
1301,Ibrā’,OM,1633629177,22.6906,58.5334,83.05,44,0,5.55
1302,Cap Malheureux,MU,1633629177,-19.9842,57.6142,72.46,77,12,1.99
1303,Opuwo,NA,1633629178,-18.0607,13.84,79.2,19,41,13.51
1304,Aklavik,CA,1633629178,68.2191,-135.0107,29.12,80,9,4.18
1305,Codrington,AU,1633629178,-38.2667,141.9667,42.98,95,99,9.06
1306,Mandalī,IQ,1633629179,33.7499,45.5541,78.69,14,0,9.42
1307,Henties Bay,NA,1633629179,-22.116,14.2845,57.85,84,0,8.79
1308,La Unión,PE,1633629179,-5.4,-80.75,84.04,44,58,16.93
1309,Saint-Pierre,RE,1633629180,-21.3393,55.4781,71.24,83,94,3.44
1310,Corinth,GR,1633629117,37.9407,22.9573,69.89,64,27,7.2
1311,Halifax,CA,1633628993,44.6453,-63.5724,73.35,48,20,1.99
1312,Poya,NC,1633629180,-21.35,165.15,63.41,73,0,5.53
1313,Saldanha,ZA,1633629019,-33.0117,17.9442,60.85,95,8,12.77
1314,Vao,NC,1633629180,-22.6667,167.4833,68.54,64,46,14.52
1315,Taoudenni,ML,1633629180,22.6783,-3.9836,99.9,7,0,11.95
1316,Yur’yevets,RU,1633629181,57.3201,43.1041,42.55,72,4,7.02
1317,Juneau,US,1633629037,58.3019,-134.4197,41.0,98,90,13.8
1318,Nyurba,RU,1633629181,63.2842,118.3319,33.49,97,100,7.43
1319,Lakes Entrance,AU,1633629182,-37.8811,147.981,43.16,81,19,5.19
1320,Ugoofaaru,MV,1633629182,5.6667,73.0,82.36,79,32,14.65
1321,Sur,OM,1633629183,22.5667,59.5289,82.9,56,0,2.59
1322,Souillac,MU,1633629183,-20.5167,57.5167,72.36,88,75,8.05
1323,Petropavl,KZ,1633629183,54.8753,69.1628,39.36,75,66,7.83
1324,Lingyuan,CN,1633629184,41.24,119.4011,47.03,64,0,1.21
1325,Dumaguete,PH,1633629184,9.3103,123.3081,79.84,82,100,3.78
1326,Seoul,KR,1633629184,37.5683,126.9778,65.71,91,75,2.3
1327,Ouésso,CG,1633629185,1.6136,16.0517,78.28,78,76,3.18
1328,Benjamin Constant,BR,1633629185,-4.3831,-70.0311,86.13,74,40,2.3
1329,Vagay,RU,1633629185,57.9375,69.0217,39.4,87,47,5.66
1330,Cajabamba,PE,1633629186,-7.6167,-78.05,68.76,45,67,6.13
1331,Shchigry,RU,1633629186,51.8755,36.9043,40.82,64,10,7.31
1332,Jupiter,US,1633628895,26.9342,-80.0942,93.06,75,57,8.01
1333,Kasongo-Lunda,CD,1633629186,-6.4667,16.8167,80.17,56,86,1.3
1334,Napier City,NZ,1633629187,-39.4833,176.9167,57.27,96,100,1.7
1335,Hwange,ZW,1633629187,-18.3693,26.5019,83.3,27,49,2.3
1336,Qui Nhon,VN,1633629072,13.7667,109.2333,76.75,85,100,6.31
1337,Kingaroy,AU,1633629188,-26.5333,151.8333,51.84,93,88,0.0
1338,Orillia,CA,1633629188,44.6087,-79.4207,68.32,84,2,6.91
1339,Tādepallegūdem,IN,1633629188,16.8333,81.5,78.17,91,17,1.88
1340,Snezhnogorsk,RU,1633629189,69.1933,33.2531,35.38,74,100,17.85
1341,Fort William,GB,1633629189,56.8165,-5.1121,62.78,97,100,4.21
1342,Arrondissement du Havre,FR,1633629190,49.5833,0.3333,60.57,77,0,3.44
1343,El Salvador,SV,1633629087,13.8333,-88.9167,80.37,70,79,2.86
1344,Champerico,GT,1633629190,14.3,-91.9167,90.14,67,78,4.83
1345,Misratah,LY,1633629190,32.3754,15.0925,76.23,66,2,14.58
1346,Egvekinot,RU,1633629191,66.3167,-179.1667,21.87,87,100,8.63
1347,Cibitoke Province,BI,1633629191,-2.8833,29.25,67.5,67,45,4.03
1348,Mandalgovi,MN,1633629191,45.7625,106.2708,45.91,53,70,5.73
1349,Naryan-Mar,RU,1633629192,67.6713,53.087,45.68,90,100,20.78
1350,Huarmey,PE,1633629192,-10.0681,-78.1522,69.37,74,51,12.46
1351,Jamestown,US,1633629193,42.097,-79.2353,76.3,68,40,4.61
1352,Aasiaat,GL,1633629193,68.7098,-52.8699,18.19,79,35,7.27
1353,Udayagiri,IN,1633629193,20.1333,84.3833,71.02,91,8,2.44
1354,Gubkinskiy,RU,1633629194,64.434,76.5026,43.38,93,100,19.6
1355,Maragogi,BR,1633628910,-9.0122,-35.2225,79.7,72,93,9.75
1356,Erenhot,CN,1633629194,43.6475,111.9767,49.42,49,62,5.44
1357,Belaya Gora,RU,1633629194,68.5333,146.4167,16.65,80,90,7.14
1358,Srīvardhan,IN,1633629195,18.0333,73.0167,80.29,85,100,5.37
1359,Glens Falls,US,1633629195,43.3095,-73.644,75.72,83,0,2.35
1360,Sarlat-la-Canéda,FR,1633629195,44.889,1.2166,61.47,72,54,5.64
1361,Blagoyevo,RU,1633629196,63.3667,47.9167,44.53,73,3,12.97
1362,Lyubim,RU,1633629196,58.3625,40.6843,39.49,81,0,5.01
1363,Būlaevo,KZ,1633629196,54.9056,70.4439,39.42,78,89,8.39
1364,Ulaangom,MN,1633628916,49.9811,92.0667,37.33,57,100,4.25
1365,Saint Paul Harbor,US,1633629197,57.79,-152.4072,43.77,79,37,8.75
1366,Xinmin,CN,1633629197,41.9908,122.8253,53.11,53,1,3.2
1367,Llangefni,GB,1633629197,53.2556,-4.3106,63.73,94,90,17.27
1368,Yumen,CN,1633629198,40.2833,97.2,49.75,42,50,9.98
1369,Waingapu,ID,1633629198,-9.6567,120.2641,76.59,81,45,3.44
1370,Bhawana,PK,1633629198,31.5692,72.649,84.43,30,0,8.12
1371,Port Hedland,AU,1633629199,-20.3167,118.5667,68.05,94,75,3.44
1372,Regeneração,BR,1633629199,-6.2378,-42.6883,105.03,15,20,2.75
1373,Katsuura,JP,1633629200,35.1333,140.3,73.18,80,95,14.7
1374,Sandwich,US,1633629200,41.6459,-88.6217,73.06,84,100,4.38
1375,Eydhafushi,MV,1633629200,5.1033,73.0708,82.53,79,60,14.74
1376,Morehead,US,1633629201,37.2711,-87.1764,76.32,78,75,5.75
1377,Kandrian,PG,1633629201,-6.2167,149.55,75.52,91,67,2.44
1378,Evanston,US,1633628920,42.0411,-87.6901,72.34,94,75,4.0
1379,Okhotsk,RU,1633629201,59.3833,143.3,25.75,77,8,8.88
1380,São Filipe,CV,1633629202,14.8961,-24.4956,80.22,78,22,8.41
1381,Novobelokatay,RU,1633629202,55.7062,58.9549,36.64,89,7,4.68
